image,bbox_x1,bbox_y1,bbox_x2,bbox_y2,palm_class,environment_class
palmera_412698.png,486,342,531,387,3,0
palmera_412698.png,371,381,416,426,3,0
palmera_413098.png,540,611,585,656,3,0
palmera_413098.png,931,615,976,660,3,0
palmera_413098.png,989,543,1034,588,3,0
palmera_413098.png,908,573,953,618,3,0
palmera_413098.png,777,554,822,599,3,0
palmera_413098.png,708,561,753,606,3,0
palmera_413098.png,961,469,1006,514,3,0
palmera_413098.png,454,418,499,463,3,0
palmera_413098.png,499,432,544,477,3,0
palmera_413098.png,506,378,551,423,3,0
palmera_413098.png,612,332,657,377,3,0
palmera_413098.png,640,383,685,428,3,0
palmera_413098.png,654,407,699,452,3,0
palmera_413098.png,713,413,758,458,3,0
palmera_413098.png,780,444,825,489,3,0
palmera_413098.png,500,332,545,377,3,0
palmera_413098.png,397,254,442,299,3,0
palmera_413098.png,444,245,489,290,3,0
palmera_413098.png,444,231,489,276,3,0
palmera_413098.png,470,190,515,235,3,0
palmera_413098.png,417,209,462,254,3,0
palmera_413098.png,372,414,417,459,3,0
palmera_413098.png,352,392,397,437,3,0
palmera_413098.png,254,406,299,451,3,0
palmera_413098.png,244,435,289,480,3,0
palmera_413098.png,310,434,355,479,3,0
palmera_413098.png,307,453,352,498,3,0
palmera_413098.png,295,480,340,525,3,0
palmera_413098.png,248,435,293,480,3,0
palmera_413098.png,220,443,265,488,3,0
palmera_413098.png,154,400,199,445,3,0
palmera_413098.png,134,469,179,514,3,0
palmera_413098.png,102,452,147,497,3,0
palmera_413098.png,135,527,180,572,3,0
palmera_413098.png,152,539,197,584,3,0
palmera_413098.png,164,563,209,608,3,0
palmera_413098.png,163,563,208,608,3,0
palmera_413098.png,158,605,203,650,3,0
palmera_413498.png,683,632,728,677,3,0
palmera_413498.png,707,666,752,711,3,0
palmera_413498.png,804,500,849,545,3,0
palmera_413498.png,913,492,958,537,3,0
palmera_413498.png,783,451,828,496,3,0
palmera_413498.png,819,391,864,436,3,0
palmera_413498.png,793,423,838,468,3,0
palmera_413498.png,819,395,864,440,3,0
palmera_413498.png,662,423,707,468,3,0
palmera_413498.png,569,308,614,353,3,0
palmera_413498.png,565,346,610,391,3,0
palmera_413498.png,548,362,593,407,3,0
palmera_413498.png,506,277,551,322,3,0
palmera_413498.png,503,256,548,301,3,0
palmera_413498.png,519,252,564,297,3,0
palmera_413498.png,512,208,557,253,3,0
palmera_413498.png,508,180,553,225,3,0
palmera_413498.png,552,182,597,227,3,0
palmera_413898.png,827,646,872,691,3,0
palmera_413898.png,532,669,577,714,3,0
palmera_413898.png,591,622,636,667,3,0
palmera_413898.png,502,631,547,676,3,0
palmera_413898.png,738,628,783,673,3,0
palmera_413898.png,485,484,530,529,3,0
palmera_413898.png,368,290,413,335,3,0
palmera_413898.png,461,290,506,335,3,0
palmera_413898.png,526,492,571,537,3,0
palmera_413898.png,352,474,397,519,3,0
palmera_413898.png,341,501,386,546,3,0
palmera_414298.png,19,704,64,749,3,0
palmera_414298.png,49,669,94,714,3,0
palmera_414298.png,-8,145,36,190,3,0
palmera_414298.png,48,154,93,199,3,0
palmera_414298.png,30,135,75,180,3,0
palmera_414298.png,99,181,144,226,3,0
palmera_414298.png,76,166,121,211,3,0
palmera_414298.png,19,52,64,97,3,0
palmera_414298.png,339,680,384,725,3,3
palmera_414298.png,417,606,462,651,3,3
palmera_414298.png,21,649,66,694,3,0
palmera_414298.png,57,565,102,610,3,0
palmera_414298.png,48,481,93,526,3,0
palmera_414298.png,79,439,124,484,3,0
palmera_414298.png,67,449,112,494,3,0
palmera_414298.png,-15,400,29,445,3,0
palmera_414298.png,32,386,77,431,3,0
palmera_414298.png,651,361,696,406,3,2
palmera_414298.png,706,416,751,461,3,2
palmera_414298.png,207,445,252,490,3,0
palmera_414298.png,262,309,307,354,3,3
palmera_414298.png,802,239,847,284,3,3
palmera_414298.png,768,261,813,306,3,3
palmera_414298.png,804,471,849,516,3,2
palmera_414298.png,685,404,730,449,3,3
palmera_414298.png,642,482,687,527,3,3
palmera_414298.png,611,442,656,487,3,3
palmera_414298.png,560,461,605,506,3,3
palmera_414298.png,542,458,587,503,3,3
palmera_414298.png,474,481,519,526,3,3
palmera_414298.png,463,521,508,566,3,3
palmera_414298.png,451,531,496,576,3,3
palmera_414298.png,405,565,450,610,3,3
palmera_414298.png,325,545,370,590,3,3
palmera_414298.png,322,533,367,578,3,3
palmera_414298.png,395,545,440,590,3,3
palmera_414298.png,662,341,707,386,3,3
palmera_414298.png,694,354,739,399,3,3
palmera_414298.png,671,339,716,384,3,3
palmera_414298.png,616,413,661,458,3,3
palmera_414298.png,623,387,668,432,3,3
palmera_414298.png,556,346,601,391,3,3
palmera_414298.png,583,395,628,440,3,3
palmera_414298.png,610,361,655,406,3,3
palmera_414298.png,585,347,630,392,3,3
palmera_414298.png,603,330,648,375,3,3
palmera_414298.png,617,332,662,377,3,3
palmera_414298.png,617,319,662,364,3,3
palmera_414298.png,583,330,628,375,3,3
palmera_414298.png,570,308,615,353,3,3
palmera_414298.png,520,315,565,360,3,3
palmera_414298.png,491,373,536,418,3,3
palmera_414298.png,486,342,531,387,3,3
palmera_414298.png,449,406,494,451,3,3
palmera_414298.png,442,424,487,469,3,3
palmera_414298.png,450,375,495,420,3,3
palmera_414298.png,298,358,343,403,3,3
palmera_414298.png,302,365,347,410,3,3
palmera_414298.png,385,158,430,203,3,3
palmera_414298.png,290,133,335,178,3,3
palmera_414298.png,300,126,345,171,3,3
palmera_414698.png,41,450,86,495,3,0
palmera_414698.png,175,173,220,218,3,0
palmera_414698.png,142,276,187,321,3,0
palmera_414698.png,66,141,111,186,3,0
palmera_414698.png,65,168,110,213,3,0
palmera_414698.png,164,685,209,730,3,0
palmera_414698.png,151,681,196,726,3,0
palmera_414698.png,180,641,225,686,3,0
palmera_414698.png,167,650,212,695,3,0
palmera_414698.png,155,607,200,652,3,0
palmera_414698.png,199,601,244,646,3,0
palmera_414698.png,210,563,255,608,3,0
palmera_414698.png,256,486,301,531,3,0
palmera_414698.png,348,485,393,530,3,0
palmera_414698.png,368,553,413,598,3,0
palmera_414698.png,345,610,390,655,3,0
palmera_414698.png,338,626,383,671,3,0
palmera_414698.png,336,648,381,693,3,0
palmera_414698.png,486,342,531,387,3,0
palmera_414698.png,900,-8,945,36,3,3
palmera_414698.png,953,290,998,335,3,3
palmera_414698.png,857,306,902,351,3,3
palmera_414698.png,837,312,882,357,3,3
palmera_414698.png,283,199,328,244,3,0
palmera_414698.png,266,159,311,204,3,0
palmera_414698.png,311,105,356,150,3,0
palmera_414698.png,285,143,330,188,3,0
palmera_414698.png,256,109,301,154,3,0
palmera_414698.png,795,116,840,161,3,3
palmera_414698.png,776,125,821,170,3,3
palmera_415098.png,824,652,869,697,3,0
palmera_415098.png,351,586,396,631,3,0
palmera_415098.png,745,207,790,252,3,0
palmera_415098.png,861,273,906,318,3,0
palmera_415098.png,858,298,903,343,3,0
palmera_415098.png,834,337,879,382,3,0
palmera_415098.png,687,558,732,603,3,0
palmera_415098.png,676,543,721,588,3,0
palmera_415098.png,671,516,716,561,3,0
palmera_415098.png,682,495,727,540,3,0
palmera_415098.png,665,451,710,496,3,0
palmera_415098.png,669,492,714,537,3,0
palmera_415098.png,658,524,703,569,3,0
palmera_415098.png,644,512,689,557,3,0
palmera_415098.png,628,535,673,580,3,0
palmera_415098.png,637,456,682,501,3,0
palmera_415098.png,586,456,631,501,3,0
palmera_415098.png,487,322,532,367,3,0
palmera_415098.png,449,292,494,337,3,0
palmera_415098.png,503,452,548,497,3,0
palmera_415098.png,448,452,493,497,3,0
palmera_415098.png,318,598,363,643,3,0
palmera_415098.png,284,594,329,639,3,0
palmera_415098.png,302,567,347,612,3,0
palmera_415098.png,247,478,292,523,3,0
palmera_415098.png,203,151,248,196,3,0
palmera_415098.png,182,67,227,112,3,0
palmera_415098.png,148,57,193,102,3,0
palmera_415098.png,140,38,185,83,3,0
palmera_415098.png,128,13,173,58,3,0
palmera_415098.png,178,35,223,80,3,0
palmera_415098.png,348,54,393,99,3,3
palmera_415098.png,472,65,517,110,3,3
palmera_415098.png,523,134,568,179,3,0
palmera_415098.png,520,134,565,179,3,0
palmera_415098.png,559,68,604,113,3,3
palmera_415098.png,585,67,630,112,3,3
palmera_415098.png,653,107,698,152,3,0
palmera_415098.png,667,168,712,213,3,0
palmera_415098.png,738,182,783,227,3,0
palmera_415098.png,710,88,755,133,3,0
palmera_415098.png,874,126,919,171,3,3
palmera_415098.png,862,94,907,139,3,3
palmera_415098.png,807,38,852,83,3,3
palmera_415098.png,830,9,875,54,3,3
palmera_415098.png,819,3,864,48,3,3
palmera_415098.png,421,-3,466,41,3,3
palmera_415098.png,962,620,1007,665,3,0
palmera_415098.png,909,614,954,659,3,0
palmera_415098.png,933,133,978,178,3,3
palmera_415098.png,926,159,971,204,3,3
palmera_415098.png,905,148,950,193,3,3
palmera_415098.png,872,124,917,169,3,3
palmera_415098.png,899,99,944,144,3,3
palmera_415098.png,928,52,973,97,3,3
palmera_415098.png,32,-18,77,26,3,0
palmera_415098.png,118,14,163,59,3,0
palmera_415098.png,29,19,74,64,3,0
palmera_415098.png,17,-3,62,41,3,0
palmera_415098.png,4,6,49,51,3,0
palmera_415098.png,95,118,140,163,3,0
palmera_415098.png,57,114,102,159,3,0
palmera_415098.png,15,115,60,160,3,0
palmera_415098.png,5,402,50,447,3,0
palmera_415098.png,18,423,63,468,3,0
palmera_415098.png,7,397,52,442,3,0
palmera_415098.png,-2,307,42,352,3,0
palmera_415098.png,23,372,68,417,3,0
palmera_415098.png,41,376,86,421,3,0
palmera_415098.png,71,366,116,411,3,0
palmera_415098.png,102,263,147,308,3,0
palmera_415098.png,51,420,96,465,3,0
palmera_415098.png,5,455,50,500,3,0
palmera_415098.png,45,460,90,505,3,0
palmera_415098.png,47,491,92,536,3,0
palmera_415498.png,772,416,817,461,3,0
palmera_415498.png,630,553,675,598,3,0
palmera_415498.png,221,568,266,613,3,0
palmera_415498.png,106,423,151,468,3,0
palmera_415498.png,38,365,83,410,3,0
palmera_415498.png,186,580,231,625,3,0
palmera_415498.png,374,675,419,720,3,0
palmera_415498.png,380,661,425,706,3,0
palmera_415498.png,509,545,554,590,3,0
palmera_415498.png,232,452,277,497,3,0
palmera_415498.png,305,496,350,541,3,0
palmera_415498.png,418,649,463,694,3,0
palmera_415498.png,440,633,485,678,3,0
palmera_415498.png,456,640,501,685,3,0
palmera_415498.png,469,647,514,692,3,0
palmera_415498.png,479,639,524,684,3,0
palmera_415498.png,512,635,557,680,3,0
palmera_415498.png,530,648,575,693,3,0
palmera_415498.png,532,650,577,695,3,0
palmera_415498.png,532,589,577,634,3,0
palmera_415498.png,458,547,503,592,3,0
palmera_415498.png,422,603,467,648,3,0
palmera_415498.png,407,621,452,666,3,0
palmera_415498.png,389,630,434,675,3,0
palmera_415498.png,343,648,388,693,3,0
palmera_415498.png,331,621,376,666,3,0
palmera_415498.png,279,628,324,673,3,0
palmera_415498.png,338,589,383,634,3,0
palmera_415498.png,334,583,379,628,3,0
palmera_415498.png,337,556,382,601,3,0
palmera_415498.png,307,576,352,621,3,0
palmera_415498.png,254,621,299,666,3,0
palmera_415498.png,207,620,252,665,3,0
palmera_415498.png,204,591,249,636,3,0
palmera_415498.png,254,563,299,608,3,0
palmera_415498.png,262,557,307,602,3,0
palmera_415498.png,166,394,211,439,3,0
palmera_415498.png,156,380,201,425,3,0
palmera_415498.png,112,517,157,562,3,0
palmera_415498.png,270,547,315,592,3,0
palmera_415498.png,351,473,396,518,3,0
palmera_415498.png,243,444,288,489,3,0
palmera_415498.png,359,529,404,574,3,0
palmera_415498.png,366,469,411,514,3,0
palmera_415498.png,325,403,370,448,3,0
palmera_415498.png,353,385,398,430,3,0
palmera_415498.png,333,382,378,427,3,0
palmera_415498.png,371,416,416,461,3,0
palmera_415498.png,442,478,487,523,3,0
palmera_415498.png,458,490,503,535,3,0
palmera_415498.png,468,509,513,554,3,0
palmera_415498.png,490,509,535,554,3,0
palmera_415498.png,512,495,557,540,3,0
palmera_415498.png,532,439,577,484,3,0
palmera_415498.png,522,419,567,464,3,0
palmera_415498.png,529,395,574,440,3,0
palmera_415498.png,501,383,546,428,3,0
palmera_415498.png,489,349,534,394,3,0
palmera_415498.png,488,336,533,381,3,0
palmera_415498.png,445,312,490,357,3,0
palmera_415498.png,359,365,404,410,3,0
palmera_415498.png,309,372,354,417,3,0
palmera_415498.png,303,359,348,404,3,0
palmera_415498.png,537,152,582,197,3,0
palmera_415498.png,846,615,891,660,3,6
palmera_415498.png,816,685,861,730,3,6
palmera_415498.png,598,667,643,712,3,0
palmera_415498.png,651,654,696,699,3,0
palmera_415498.png,663,607,708,652,3,0
palmera_415498.png,666,634,711,679,3,0
palmera_415498.png,861,550,906,595,3,6
palmera_415498.png,810,550,855,595,3,0
palmera_415498.png,728,503,773,548,3,0
palmera_415498.png,690,566,735,611,3,0
palmera_415498.png,592,608,637,653,3,0
palmera_415498.png,609,588,654,633,3,0
palmera_415498.png,640,591,685,636,3,0
palmera_415498.png,628,537,673,582,3,0
palmera_415498.png,680,456,725,501,3,0
palmera_415498.png,598,474,643,519,3,0
palmera_415498.png,603,448,648,493,3,0
palmera_415498.png,598,424,643,469,3,0
palmera_415498.png,594,399,639,444,3,0
palmera_415498.png,629,366,674,411,3,0
palmera_415498.png,705,427,750,472,3,0
palmera_415498.png,715,387,760,432,3,0
palmera_415498.png,726,349,771,394,3,0
palmera_415498.png,775,417,820,462,3,0
palmera_415498.png,803,420,848,465,3,0
palmera_415498.png,846,422,891,467,3,0
palmera_415498.png,859,416,904,461,3,0
palmera_415498.png,958,367,1003,412,3,0
palmera_415498.png,956,354,1001,399,3,0
palmera_415498.png,905,355,950,400,3,0
palmera_415498.png,871,336,916,381,3,0
palmera_415498.png,730,250,775,295,3,0
palmera_415498.png,755,218,800,263,3,0
palmera_415498.png,747,169,792,214,3,0
palmera_415498.png,793,166,838,211,3,0
palmera_415498.png,812,283,857,328,3,0
palmera_415498.png,864,294,909,339,3,0
palmera_415498.png,883,321,928,366,3,0
palmera_415498.png,955,249,1000,294,3,0
palmera_415498.png,980,312,1025,357,3,0
palmera_415898.png,678,419,723,464,3,3
palmera_415898.png,683,341,728,386,3,3
palmera_415898.png,636,389,681,434,3,3
palmera_415898.png,632,367,677,412,3,3
palmera_415898.png,616,338,661,383,3,3
palmera_415898.png,621,311,666,356,3,3
palmera_415898.png,563,294,608,339,3,3
palmera_415898.png,516,355,561,400,3,3
palmera_415898.png,509,324,554,369,3,3
palmera_415898.png,498,337,543,382,3,3
palmera_415898.png,864,273,909,318,3,3
palmera_415898.png,889,315,934,360,3,3
palmera_415898.png,859,299,904,344,3,3
palmera_415898.png,870,309,915,354,3,3
palmera_415898.png,842,342,887,387,3,3
palmera_415898.png,964,72,1009,117,3,3
palmera_415898.png,978,24,1023,69,3,3
palmera_415898.png,968,47,1013,92,3,3
palmera_415898.png,844,139,889,184,3,3
palmera_415898.png,858,106,903,151,3,3
palmera_415898.png,836,70,881,115,3,3
palmera_415898.png,850,67,895,112,3,3
palmera_415898.png,952,19,997,64,3,3
palmera_415898.png,939,8,984,53,3,3
palmera_415898.png,933,-6,978,38,3,3
palmera_415898.png,898,1,943,46,3,3
palmera_415898.png,865,-19,910,25,3,3
palmera_415898.png,839,18,884,63,3,3
palmera_416298.png,837,184,882,229,3,4
palmera_416298.png,962,468,1007,513,3,4
palmera_416298.png,757,443,802,488,3,4
palmera_416298.png,419,258,464,303,3,5
palmera_416298.png,428,249,473,294,3,5
palmera_416298.png,438,240,483,285,3,5
palmera_416298.png,456,223,501,268,3,5
palmera_416298.png,465,212,510,257,3,5
palmera_416298.png,474,201,519,246,3,5
palmera_416298.png,482,192,527,237,3,5
palmera_416298.png,500,171,545,216,3,5
palmera_416298.png,505,162,550,207,3,5
palmera_416298.png,516,152,561,197,3,5
palmera_416298.png,478,365,523,410,3,5
palmera_416298.png,491,355,536,400,3,5
palmera_416298.png,486,342,531,387,3,5
palmera_416298.png,515,370,560,415,3,4
palmera_416298.png,499,348,544,393,3,5
palmera_416298.png,496,336,541,381,3,5
palmera_416298.png,508,332,553,377,3,5
palmera_416298.png,512,342,557,387,3,5
palmera_416298.png,516,323,561,368,3,5
palmera_416298.png,528,331,573,376,3,5
palmera_416298.png,537,323,582,368,3,5
palmera_416298.png,510,313,555,358,3,5
palmera_416298.png,502,287,547,332,3,5
palmera_416298.png,514,289,559,334,3,5
palmera_416298.png,527,293,572,338,3,5
palmera_416298.png,513,278,558,323,3,5
palmera_416298.png,498,272,543,317,3,5
palmera_416298.png,502,261,547,306,3,5
palmera_416298.png,513,267,558,312,3,5
palmera_416298.png,524,270,569,315,3,5
palmera_416298.png,504,249,549,294,3,5
palmera_416298.png,507,239,552,284,3,5
palmera_416298.png,519,247,564,292,3,5
palmera_416298.png,517,216,562,261,3,5
palmera_416298.png,537,231,582,276,3,5
palmera_416298.png,542,220,587,265,3,5
palmera_416298.png,534,216,579,261,3,5
palmera_416298.png,558,201,603,246,3,5
palmera_416298.png,534,196,579,241,3,5
palmera_416298.png,564,188,609,233,3,5
palmera_416298.png,548,175,593,220,3,5
palmera_416298.png,523,141,568,186,3,5
palmera_416298.png,633,165,678,210,3,4
palmera_416298.png,911,120,956,165,3,4
palmera_416298.png,894,90,939,135,3,4
palmera_416298.png,712,88,757,133,3,4
palmera_416298.png,554,165,599,210,3,5
palmera_416298.png,569,169,614,214,3,5
palmera_416298.png,576,160,621,205,3,5
palmera_416298.png,561,155,606,200,3,5
palmera_416298.png,572,132,617,177,3,5
palmera_416298.png,577,122,622,167,3,5
palmera_416298.png,599,127,644,172,3,5
palmera_416298.png,591,105,636,150,3,5
palmera_416298.png,537,120,582,165,3,5
palmera_416298.png,544,110,589,155,3,5
palmera_416298.png,555,100,600,145,3,5
palmera_416298.png,563,92,608,137,3,5
palmera_416298.png,572,85,617,130,3,5
palmera_416298.png,581,75,626,120,3,5
palmera_416298.png,603,84,648,129,3,5
palmera_416298.png,607,93,652,138,3,5
palmera_416298.png,615,105,660,150,3,5
palmera_416298.png,622,93,667,138,3,5
palmera_416298.png,590,65,635,110,3,5
palmera_416298.png,598,56,643,101,3,5
palmera_416298.png,607,46,652,91,3,5
palmera_416298.png,616,38,661,83,3,5
palmera_416298.png,624,66,669,111,3,5
palmera_416298.png,642,47,687,92,3,5
palmera_416298.png,656,39,701,84,3,5
palmera_416298.png,650,29,695,74,3,5
palmera_416298.png,637,20,682,65,3,5
palmera_416298.png,654,3,699,48,3,5
palmera_416298.png,661,18,706,63,3,5
palmera_416298.png,666,25,711,70,3,5
palmera_416298.png,675,16,720,61,3,5
palmera_416298.png,670,6,715,51,3,5
palmera_416298.png,664,-6,709,38,3,5
palmera_416298.png,672,-15,717,29,3,5
palmera_416298.png,680,-1,725,43,3,5
palmera_416298.png,697,-6,742,38,3,5
palmera_416298.png,699,-20,744,24,3,5
palmera_416298.png,704,-14,749,30,3,5
palmera_416698.png,870,538,915,583,3,0
palmera_416698.png,-5,472,39,517,3,0
palmera_416698.png,121,682,166,727,3,0
palmera_416698.png,262,618,307,663,3,0
palmera_416698.png,355,685,400,730,3,0
palmera_416698.png,406,637,451,682,3,0
palmera_416698.png,391,621,436,666,3,0
palmera_416698.png,443,518,488,563,3,0
palmera_416698.png,392,466,437,511,3,0
palmera_416698.png,443,438,488,483,3,0
palmera_416698.png,452,430,497,475,3,0
palmera_416698.png,455,401,500,446,3,0
palmera_416698.png,400,413,445,458,3,0
palmera_416698.png,374,436,419,481,3,0
palmera_416698.png,299,548,344,593,3,0
palmera_416698.png,272,518,317,563,3,0
palmera_416698.png,296,451,341,496,3,0
palmera_416698.png,286,428,331,473,3,0
palmera_416698.png,309,410,354,455,3,0
palmera_416698.png,262,443,307,488,3,0
palmera_416698.png,257,426,302,471,3,0
palmera_416698.png,180,445,225,490,3,0
palmera_416698.png,143,423,188,468,3,0
palmera_416698.png,54,397,99,442,3,0
palmera_416698.png,15,383,60,428,3,0
palmera_416698.png,235,398,280,443,3,0
palmera_416698.png,320,364,365,409,3,0
palmera_416698.png,322,340,367,385,3,0
palmera_416698.png,346,315,391,360,3,0
palmera_416698.png,499,382,544,427,3,0
palmera_416698.png,447,327,492,372,3,0
palmera_416698.png,412,309,457,354,3,0
palmera_416698.png,340,297,385,342,3,0
palmera_416698.png,356,299,401,344,3,0
palmera_416698.png,366,262,411,307,3,0
palmera_416698.png,386,251,431,296,3,0
palmera_416698.png,391,236,436,281,3,0
palmera_416698.png,440,200,485,245,3,0
palmera_416698.png,404,215,449,260,3,0
palmera_416698.png,473,290,518,335,3,0
palmera_416698.png,487,232,532,277,3,0
palmera_416698.png,488,234,533,279,3,0
palmera_416698.png,493,258,538,303,3,0
palmera_416698.png,504,196,549,241,3,0
palmera_416698.png,468,182,513,227,3,0
palmera_416698.png,615,118,660,163,3,0
palmera_416698.png,504,102,549,147,3,0
palmera_416698.png,451,94,496,139,3,0
palmera_416698.png,446,31,491,76,3,0
palmera_416698.png,93,221,138,266,3,0
palmera_416698.png,328,55,373,100,3,0
palmera_416698.png,978,233,1023,278,3,0
palmera_416698.png,970,104,1015,149,3,0
palmera_416698.png,937,58,982,103,3,0
palmera_416698.png,940,11,985,56,3,0
palmera_417098.png,401,454,446,499,3,0
palmera_417098.png,991,609,1036,654,3,0
palmera_417098.png,952,589,997,634,3,0
palmera_417098.png,67,459,112,504,3,0
palmera_417098.png,39,444,84,489,3,0
palmera_417098.png,517,312,562,357,3,0
palmera_417098.png,486,342,531,387,3,0
palmera_417098.png,556,184,601,229,3,0
palmera_417098.png,527,197,572,242,3,0
palmera_417098.png,372,148,417,193,3,0
palmera_417098.png,476,187,521,232,3,0
palmera_417098.png,510,200,555,245,3,0
palmera_417098.png,522,150,567,195,3,0
palmera_417098.png,538,94,583,139,3,0
palmera_417098.png,510,101,555,146,3,0
palmera_417098.png,488,95,533,140,3,0
palmera_417098.png,498,82,543,127,3,0
palmera_417098.png,356,107,401,152,3,0
palmera_417498.png,75,619,120,664,3,3
palmera_417498.png,247,676,292,721,3,3
palmera_417498.png,156,629,201,674,3,3
palmera_417498.png,177,560,222,605,3,3
palmera_417498.png,203,618,248,663,3,3
palmera_417498.png,172,559,217,604,3,3
palmera_417498.png,213,519,258,564,3,3
palmera_417498.png,249,502,294,547,3,3
palmera_417498.png,87,531,132,576,3,3
palmera_417498.png,60,534,105,579,3,3
palmera_417498.png,53,517,98,562,3,3
palmera_417498.png,30,526,75,571,3,3
palmera_417498.png,27,527,72,572,3,3
palmera_417498.png,17,518,62,563,3,3
palmera_417498.png,30,502,75,547,3,3
palmera_417498.png,292,482,337,527,3,3
palmera_417498.png,89,477,134,522,3,3
palmera_417498.png,19,465,64,510,3,3
palmera_417498.png,55,414,100,459,3,3
palmera_417498.png,86,441,131,486,3,3
palmera_417498.png,104,420,149,465,3,3
palmera_417498.png,89,379,134,424,3,3
palmera_417498.png,201,461,246,506,3,3
palmera_417498.png,160,406,205,451,3,3
palmera_417498.png,186,383,231,428,3,3
palmera_417498.png,191,426,236,471,3,3
palmera_417498.png,212,392,257,437,3,3
palmera_417498.png,188,385,233,430,3,3
palmera_417498.png,102,338,147,383,3,3
palmera_417498.png,147,347,192,392,3,3
palmera_417498.png,102,334,147,379,3,3
palmera_417498.png,100,300,145,345,3,3
palmera_417498.png,168,238,213,283,3,3
palmera_417498.png,66,197,111,242,3,3
palmera_417498.png,74,150,119,195,3,3
palmera_417498.png,160,153,205,198,3,3
palmera_417498.png,89,119,134,164,3,3
palmera_417498.png,11,156,56,201,3,3
palmera_417498.png,343,642,388,687,3,3
palmera_417498.png,315,632,360,677,3,3
palmera_417498.png,405,579,450,624,3,3
palmera_417498.png,411,533,456,578,3,3
palmera_417498.png,381,486,426,531,3,3
palmera_417498.png,705,678,750,723,3,3
palmera_417498.png,683,531,728,576,3,0
palmera_417498.png,486,428,531,473,3,0
palmera_417498.png,247,463,292,508,3,3
palmera_417498.png,255,325,300,370,3,0
palmera_417498.png,254,324,299,369,3,0
palmera_417498.png,251,384,296,429,3,3
palmera_417498.png,239,426,284,471,3,3
palmera_417498.png,302,467,347,512,3,3
palmera_417498.png,292,476,337,521,3,3
palmera_417498.png,334,442,379,487,3,3
palmera_417498.png,331,346,376,391,3,0
palmera_417498.png,353,359,398,404,3,0
palmera_417498.png,372,385,417,430,3,0
palmera_417498.png,553,425,598,470,3,0
palmera_417498.png,527,415,572,460,3,0
palmera_417498.png,480,376,525,421,3,3
palmera_417498.png,492,350,537,395,3,3
palmera_417498.png,490,352,535,397,3,3
palmera_417498.png,520,337,565,382,3,3
palmera_417498.png,583,377,628,422,3,3
palmera_417498.png,725,205,770,250,3,3
palmera_417498.png,745,191,790,236,3,3
palmera_417498.png,718,128,763,173,3,3
palmera_417498.png,687,185,732,230,3,3
palmera_417498.png,697,261,742,306,3,3
palmera_417498.png,641,283,686,328,3,3
palmera_417498.png,585,304,630,349,3,3
palmera_417498.png,565,320,610,365,3,3
palmera_417498.png,520,307,565,352,3,3
palmera_417498.png,487,284,532,329,3,3
palmera_417498.png,476,257,521,302,3,3
palmera_417498.png,449,214,494,259,3,3
palmera_417498.png,504,223,549,268,3,3
palmera_417498.png,489,186,534,231,3,3
palmera_417498.png,560,185,605,230,3,3
palmera_417498.png,582,169,627,214,3,3
palmera_417498.png,491,146,536,191,3,3
palmera_417498.png,435,139,480,184,3,3
palmera_417498.png,512,-11,557,33,3,3
palmera_417498.png,515,25,560,70,3,3
palmera_417498.png,525,41,570,86,3,3
palmera_417498.png,548,96,593,141,3,3
palmera_417498.png,456,68,501,113,3,3
palmera_417498.png,430,59,475,104,3,3
palmera_417498.png,398,50,443,95,3,3
palmera_417498.png,388,29,433,74,3,3
palmera_417498.png,373,25,418,70,3,3
palmera_417498.png,397,-4,442,40,3,3
palmera_417498.png,337,0,382,44,3,3
palmera_417498.png,844,36,889,81,3,3
palmera_417898.png,287,673,332,718,3,0
palmera_417898.png,251,660,296,705,3,0
palmera_417898.png,270,636,315,681,3,0
palmera_417898.png,264,645,309,690,3,0
palmera_417898.png,305,650,350,695,3,0
palmera_417898.png,357,672,402,717,3,0
palmera_417898.png,347,674,392,719,3,0
palmera_417898.png,367,680,412,725,3,0
palmera_417898.png,940,673,985,718,3,0
palmera_417898.png,700,640,745,685,3,0
palmera_417898.png,647,639,692,684,3,0
palmera_417898.png,622,650,667,695,3,0
palmera_417898.png,622,626,667,671,3,0
palmera_417898.png,67,597,112,642,3,0
palmera_417898.png,64,535,109,580,3,0
palmera_417898.png,-18,585,26,630,3,0
palmera_417898.png,392,270,437,315,3,0
palmera_417898.png,391,268,436,313,3,0
palmera_417898.png,390,270,435,315,3,0
palmera_417898.png,384,288,429,333,3,0
palmera_417898.png,358,282,403,327,3,0
palmera_417898.png,439,328,484,373,3,0
palmera_417898.png,471,334,516,379,3,0
palmera_417898.png,509,364,554,409,3,0
palmera_417898.png,425,443,470,488,3,0
palmera_417898.png,434,385,479,430,3,0
palmera_417898.png,414,377,459,422,3,0
palmera_417898.png,365,346,410,391,3,0
palmera_417898.png,347,397,392,442,3,0
palmera_417898.png,604,189,649,234,3,0
palmera_417898.png,181,441,226,486,3,0
palmera_417898.png,342,340,387,385,3,0
palmera_417898.png,329,270,374,315,3,0
palmera_417898.png,188,207,233,252,3,0
palmera_417898.png,46,306,91,351,3,0
palmera_417898.png,33,286,78,331,3,0
palmera_417898.png,63,267,108,312,3,0
palmera_417898.png,124,175,169,220,3,0
palmera_417898.png,81,145,126,190,3,0
palmera_417898.png,149,102,194,147,3,0
palmera_417898.png,188,81,233,126,3,0
palmera_417898.png,201,139,246,184,3,0
palmera_417898.png,236,110,281,155,3,0
palmera_418298.png,253,596,298,641,3,0
palmera_418298.png,210,568,255,613,3,0
palmera_418298.png,53,533,98,578,3,3
palmera_418298.png,26,508,71,553,3,3
palmera_418298.png,117,454,162,499,3,3
palmera_418298.png,90,442,135,487,3,3
palmera_418298.png,77,449,122,494,3,3
palmera_418298.png,0,374,45,419,3,3
palmera_418298.png,245,100,290,145,3,3
palmera_418298.png,214,32,259,77,3,3
palmera_418298.png,804,577,849,622,3,0
palmera_418298.png,959,670,1004,715,3,3
palmera_418298.png,963,633,1008,678,3,3
palmera_418298.png,786,613,831,658,3,0
palmera_418298.png,656,565,701,610,3,0
palmera_418298.png,670,634,715,679,3,0
palmera_418298.png,371,704,416,749,3,0
palmera_418298.png,486,342,531,387,3,0
palmera_418298.png,546,434,591,479,3,0
palmera_418298.png,426,398,471,443,3,0
palmera_418298.png,813,123,858,168,3,0
palmera_418698.png,729,529,774,574,3,3
palmera_418698.png,688,528,733,573,3,3
palmera_418698.png,553,334,598,379,3,3
palmera_418698.png,694,483,739,528,3,3
palmera_418698.png,662,471,707,516,3,3
palmera_418698.png,683,440,728,485,3,3
palmera_418698.png,711,388,756,433,3,3
palmera_418698.png,757,350,802,395,3,3
palmera_418698.png,808,371,853,416,3,3
palmera_418698.png,817,285,862,330,3,3
palmera_418698.png,852,131,897,176,3,3
palmera_418698.png,811,122,856,167,3,3
palmera_418698.png,810,243,855,288,3,3
palmera_418698.png,707,304,752,349,3,3
palmera_418698.png,668,336,713,381,3,3
palmera_418698.png,662,303,707,348,3,3
palmera_418698.png,620,426,665,471,3,3
palmera_418698.png,625,341,670,386,3,3
palmera_418698.png,579,351,624,396,3,3
palmera_418698.png,539,336,584,381,3,3
palmera_418698.png,542,339,587,384,3,3
palmera_418698.png,486,342,531,387,3,3
palmera_418698.png,520,317,565,362,3,3
palmera_418698.png,501,335,546,380,3,3
palmera_418698.png,450,324,495,369,3,3
palmera_418698.png,412,321,457,366,3,3
palmera_418698.png,476,234,521,279,3,3
palmera_418698.png,550,235,595,280,3,3
palmera_418698.png,572,197,617,242,3,3
palmera_418698.png,543,142,588,187,3,3
palmera_418698.png,531,115,576,160,3,3
palmera_418698.png,736,-13,781,31,3,3
palmera_418698.png,835,-8,880,36,3,3
palmera_418698.png,799,74,844,119,3,3
palmera_418698.png,720,15,765,60,3,3
palmera_418698.png,544,52,589,97,3,3
palmera_419098.png,94,605,139,650,3,2
palmera_419098.png,51,583,96,628,3,3
palmera_419098.png,55,551,100,596,3,3
palmera_419098.png,264,593,309,638,3,3
palmera_419098.png,463,549,508,594,3,2
palmera_419098.png,387,518,432,563,3,0
palmera_419098.png,526,604,571,649,3,2
palmera_419098.png,769,691,814,736,3,2
palmera_419098.png,826,643,871,688,3,2
palmera_419098.png,832,597,877,642,3,3
palmera_419098.png,770,604,815,649,3,3
palmera_419098.png,727,577,772,622,3,3
palmera_419098.png,569,519,614,564,3,0
palmera_419498.png,831,703,876,748,3,5
palmera_419498.png,764,705,809,750,3,5
palmera_419498.png,717,678,762,723,3,5
palmera_419498.png,537,680,582,725,3,5
palmera_419498.png,164,673,209,718,3,5
palmera_419498.png,150,683,195,728,3,5
palmera_419498.png,95,692,140,737,3,5
palmera_419498.png,96,662,141,707,3,5
palmera_419498.png,72,671,117,716,3,5
palmera_419498.png,774,687,819,732,3,5
palmera_419498.png,755,653,800,698,3,5
palmera_419498.png,758,669,803,714,3,5
palmera_419498.png,345,654,390,699,3,5
palmera_419498.png,326,644,371,689,3,5
palmera_419498.png,348,632,393,677,3,5
palmera_419498.png,338,611,383,656,3,5
palmera_419498.png,352,597,397,642,3,5
palmera_419498.png,330,587,375,632,3,5
palmera_419498.png,328,588,373,633,3,5
palmera_419498.png,335,562,380,607,3,5
palmera_419498.png,318,564,363,609,3,5
palmera_419498.png,299,573,344,618,3,5
palmera_419498.png,253,598,298,643,3,5
palmera_419498.png,235,600,280,645,3,5
palmera_419498.png,215,610,260,655,3,5
palmera_419498.png,142,660,187,705,3,5
palmera_419498.png,143,635,188,680,3,5
palmera_419498.png,136,654,181,699,3,5
palmera_419498.png,91,672,136,717,3,5
palmera_419498.png,122,422,167,467,3,5
palmera_419498.png,113,399,158,444,3,5
palmera_419498.png,132,402,177,447,3,5
palmera_419498.png,98,422,143,467,3,5
palmera_419498.png,302,313,347,358,3,5
palmera_419498.png,284,300,329,345,3,5
palmera_419498.png,304,349,349,394,3,5
palmera_419498.png,323,358,368,403,3,5
palmera_419498.png,317,337,362,382,3,5
palmera_419498.png,349,356,394,401,3,5
palmera_419498.png,395,322,440,367,3,5
palmera_419498.png,418,312,463,357,3,5
palmera_419498.png,522,371,567,416,3,5
palmera_419498.png,518,346,563,391,3,5
palmera_419498.png,549,361,594,406,3,5
palmera_419498.png,504,357,549,402,3,5
palmera_419498.png,464,347,509,392,3,5
palmera_419498.png,486,342,531,387,3,5
palmera_419498.png,500,329,545,374,3,5
palmera_419498.png,482,299,527,344,3,5
palmera_419498.png,567,670,612,715,3,5
palmera_419498.png,552,682,597,727,3,5
palmera_419498.png,609,633,654,678,3,5
palmera_419498.png,625,617,670,662,3,5
palmera_419498.png,636,602,681,647,3,5
palmera_419498.png,625,560,670,605,3,5
palmera_419498.png,638,541,683,586,3,5
palmera_419498.png,650,586,695,631,3,5
palmera_419498.png,667,568,712,613,3,5
palmera_419498.png,681,552,726,597,3,5
palmera_419498.png,651,526,696,571,3,5
palmera_419498.png,697,471,742,516,3,5
palmera_419498.png,712,456,757,501,3,5
palmera_419498.png,724,441,769,486,3,5
palmera_419498.png,736,425,781,470,3,5
palmera_419498.png,749,404,794,449,3,5
palmera_419498.png,722,500,767,545,3,5
palmera_419498.png,738,480,783,525,3,5
palmera_419498.png,757,463,802,508,3,5
palmera_419498.png,773,442,818,487,3,5
palmera_419498.png,785,418,830,463,3,5
palmera_419498.png,788,392,833,437,3,5
palmera_419498.png,754,383,799,428,3,5
palmera_419498.png,757,365,802,410,3,5
palmera_419498.png,757,342,802,387,3,5
palmera_419498.png,798,340,843,385,3,5
palmera_419498.png,759,321,804,366,3,5
palmera_419498.png,803,318,848,363,3,5
palmera_419498.png,762,296,807,341,3,5
palmera_419498.png,95,75,140,120,3,5
palmera_419498.png,30,44,75,89,3,5
palmera_419498.png,40,72,85,117,3,5
palmera_419498.png,83,46,128,91,3,5
palmera_419498.png,97,28,142,73,3,5
palmera_419498.png,763,274,808,319,3,5
palmera_419498.png,769,249,814,294,3,5
palmera_419498.png,778,225,823,270,3,5
palmera_419498.png,784,212,829,257,3,5
palmera_419498.png,803,291,848,336,3,5
palmera_419498.png,807,270,852,315,3,5
palmera_419498.png,812,246,857,291,3,5
palmera_419498.png,818,226,863,271,3,5
palmera_419498.png,826,207,871,252,3,5
palmera_419498.png,835,186,880,231,3,5
palmera_419498.png,848,166,893,211,3,5
palmera_419498.png,458,290,503,335,3,5
palmera_419498.png,384,292,429,337,3,5
palmera_419498.png,384,270,429,315,3,5
palmera_419498.png,409,286,454,331,3,5
palmera_419498.png,431,282,476,327,3,5
palmera_419498.png,431,263,476,308,3,5
palmera_419498.png,419,252,464,297,3,5
palmera_419498.png,383,227,428,272,3,5
palmera_419498.png,365,240,410,285,3,5
palmera_419498.png,318,279,363,324,3,5
palmera_419498.png,566,55,611,100,3,5
palmera_419498.png,244,44,289,89,3,5
palmera_419498.png,234,43,279,88,3,5
palmera_419498.png,225,21,270,66,3,5
palmera_419498.png,214,59,259,104,3,5
palmera_419498.png,209,58,254,103,3,5
palmera_419498.png,196,27,241,72,3,5
palmera_419498.png,227,13,272,58,3,5
palmera_419498.png,148,40,193,85,3,5
palmera_419498.png,140,17,185,62,3,5
palmera_419498.png,133,10,178,55,3,5
palmera_419498.png,122,34,167,79,3,5
palmera_419498.png,95,39,140,84,3,5
palmera_419498.png,111,16,156,61,3,5
palmera_419498.png,856,99,901,144,3,5
palmera_419498.png,867,84,912,129,3,5
palmera_419498.png,903,-10,948,34,3,5
palmera_419498.png,893,6,938,51,3,5
palmera_419498.png,884,24,929,69,3,5
palmera_419498.png,878,45,923,90,3,5
palmera_419498.png,887,67,932,112,3,5
palmera_419498.png,904,49,949,94,3,5
palmera_419498.png,892,42,937,87,3,5
palmera_419498.png,902,22,947,67,3,5
palmera_419498.png,914,8,959,53,3,5
palmera_419498.png,929,-4,974,40,3,5
palmera_419898.png,379,672,424,717,3,4
palmera_419898.png,213,410,258,455,3,4
palmera_419898.png,199,417,244,462,3,4
palmera_419898.png,5,412,50,457,3,5
palmera_419898.png,11,428,56,473,3,5
palmera_419898.png,24,421,69,466,3,5
palmera_419898.png,19,407,64,452,3,5
palmera_419898.png,30,404,75,449,3,5
palmera_419898.png,34,418,79,463,3,5
palmera_419898.png,50,411,95,456,3,5
palmera_419898.png,66,404,111,449,3,5
palmera_419898.png,134,381,179,426,3,5
palmera_419898.png,147,377,192,422,3,5
palmera_419898.png,166,373,211,418,3,5
palmera_419898.png,183,365,228,410,3,5
palmera_419898.png,194,357,239,402,3,5
palmera_419898.png,206,350,251,395,3,5
palmera_419898.png,213,345,258,390,3,5
palmera_419898.png,223,340,268,385,3,5
palmera_419898.png,240,332,285,377,3,5
palmera_419898.png,249,324,294,369,3,5
palmera_419898.png,278,311,323,356,3,5
palmera_419898.png,295,299,340,344,3,5
palmera_419898.png,303,293,348,338,3,5
palmera_419898.png,313,292,358,337,3,5
palmera_419898.png,372,260,417,305,3,5
palmera_419898.png,379,240,424,285,3,5
palmera_419898.png,384,226,429,271,3,5
palmera_419898.png,490,236,535,281,3,5
palmera_419898.png,458,218,503,263,3,5
palmera_419898.png,453,208,498,253,3,5
palmera_419898.png,391,222,436,267,3,5
palmera_419898.png,385,207,430,252,3,5
palmera_419898.png,456,191,501,236,3,5
palmera_419898.png,390,186,435,231,3,5
palmera_419898.png,457,178,502,223,3,5
palmera_419898.png,386,172,431,217,3,5
palmera_419898.png,456,166,501,211,3,5
palmera_419898.png,445,140,490,185,3,5
palmera_419898.png,447,127,492,172,3,5
palmera_419898.png,443,114,488,159,3,5
palmera_419898.png,445,101,490,146,3,5
palmera_419898.png,444,90,489,135,3,5
palmera_419898.png,444,74,489,119,3,5
palmera_419898.png,446,63,491,108,3,5
palmera_419898.png,376,155,421,200,3,5
palmera_419898.png,373,140,418,185,3,5
palmera_419898.png,373,126,418,171,3,5
palmera_419898.png,379,122,424,167,3,5
palmera_419898.png,370,103,415,148,3,5
palmera_419898.png,369,91,414,136,3,5
palmera_419898.png,376,78,421,123,3,5
palmera_419898.png,368,63,413,108,3,5
palmera_419898.png,365,45,410,90,3,5
palmera_419898.png,364,33,409,78,3,5
palmera_419898.png,443,32,488,77,3,5
palmera_419898.png,374,36,419,81,3,5
palmera_419898.png,441,10,486,55,3,5
palmera_419898.png,432,-11,477,33,3,5
palmera_419898.png,373,21,418,66,3,5
palmera_419898.png,359,-7,404,37,3,5
palmera_419898.png,939,657,984,702,3,4
palmera_419898.png,912,652,957,697,3,4
palmera_419898.png,801,467,846,512,3,4
palmera_419898.png,775,463,820,508,3,4
palmera_419898.png,685,421,730,466,3,5
palmera_419898.png,678,430,723,475,3,5
palmera_419898.png,666,434,711,479,3,5
palmera_419898.png,632,442,677,487,3,5
palmera_419898.png,606,448,651,493,3,5
palmera_419898.png,598,450,643,495,3,5
palmera_419898.png,590,450,635,495,3,5
palmera_419898.png,573,459,618,504,3,5
palmera_419898.png,553,466,598,511,3,5
palmera_419898.png,556,468,601,513,3,5
palmera_419898.png,532,475,577,520,3,5
palmera_419898.png,510,479,555,524,3,5
palmera_419898.png,504,484,549,529,3,5
palmera_419898.png,495,484,540,529,3,5
palmera_419898.png,485,477,530,522,3,5
palmera_419898.png,477,471,522,516,3,5
palmera_419898.png,470,462,515,507,3,5
palmera_419898.png,466,449,511,494,3,5
palmera_419898.png,468,438,513,483,3,5
palmera_419898.png,466,424,511,469,3,5
palmera_419898.png,464,410,509,455,3,5
palmera_419898.png,463,394,508,439,3,5
palmera_419898.png,463,381,508,426,3,5
palmera_419898.png,466,368,511,413,3,5
palmera_419898.png,460,345,505,390,3,5
palmera_419898.png,461,347,506,392,3,5
palmera_419898.png,458,325,503,370,3,5
palmera_419898.png,477,291,522,336,3,5
palmera_419898.png,490,289,535,334,3,5
palmera_419898.png,517,375,562,420,3,5
palmera_419898.png,527,367,572,412,3,5
palmera_419898.png,726,378,771,423,3,5
palmera_419898.png,743,377,788,422,3,5
palmera_419898.png,873,393,918,438,3,5
palmera_419898.png,880,387,925,432,3,5
palmera_419898.png,887,374,932,419,3,5
palmera_419898.png,895,359,940,404,3,5
palmera_419898.png,901,343,946,388,3,5
palmera_419898.png,709,231,754,276,3,5
palmera_419898.png,691,235,736,280,3,5
palmera_419898.png,671,240,716,285,3,5
palmera_419898.png,649,244,694,289,3,5
palmera_419898.png,630,248,675,293,3,5
palmera_419898.png,612,258,657,303,3,5
palmera_419898.png,587,258,632,303,3,5
palmera_419898.png,545,278,590,323,3,5
palmera_419898.png,518,280,563,325,3,5
palmera_419898.png,516,274,561,319,3,5
palmera_419898.png,503,231,548,276,3,5
palmera_419898.png,519,225,564,270,3,5
palmera_419898.png,534,208,579,253,3,5
palmera_419898.png,908,332,953,377,3,5
palmera_419898.png,915,317,960,362,3,5
palmera_419898.png,921,305,966,350,3,5
palmera_419898.png,926,294,971,339,3,5
palmera_419898.png,914,283,959,328,3,5
palmera_419898.png,938,266,983,311,3,5
palmera_419898.png,922,258,967,303,3,5
palmera_419898.png,930,244,975,289,3,5
palmera_419898.png,957,229,1002,274,3,5
palmera_419898.png,964,212,1009,257,3,5
palmera_419898.png,959,206,1004,251,3,5
palmera_419898.png,732,226,777,271,3,5
palmera_419898.png,746,229,791,274,3,5
palmera_419898.png,761,231,806,276,3,5
palmera_419898.png,781,226,826,271,3,5
palmera_419898.png,820,221,865,266,3,5
palmera_419898.png,844,221,889,266,3,5
palmera_419898.png,858,220,903,265,3,5
palmera_419898.png,878,215,923,260,3,5
palmera_419898.png,898,212,943,257,3,5
palmera_419898.png,913,213,958,258,3,5
palmera_419898.png,552,197,597,242,3,5
palmera_419898.png,677,189,722,234,3,5
palmera_419898.png,677,159,722,204,3,5
palmera_419898.png,679,130,724,175,3,5
palmera_419898.png,695,116,740,161,3,5
palmera_419898.png,712,145,757,190,3,5
palmera_419898.png,707,171,752,216,3,5
palmera_419898.png,719,178,764,223,3,5
palmera_419898.png,733,141,778,186,3,5
palmera_419898.png,749,140,794,185,3,5
palmera_419898.png,747,177,792,222,3,5
palmera_419898.png,781,160,826,205,3,5
palmera_419898.png,805,133,850,178,3,5
palmera_419898.png,803,159,848,204,3,5
palmera_419898.png,812,167,857,212,3,5
palmera_419898.png,821,139,866,184,3,5
palmera_419898.png,848,162,893,207,3,5
palmera_419898.png,889,151,934,196,3,5
palmera_419898.png,913,149,958,194,3,5
palmera_419898.png,898,155,943,200,3,5
palmera_420298.png,611,646,656,691,3,3
palmera_420298.png,546,507,591,552,3,3
palmera_420298.png,484,546,529,591,3,3
palmera_420298.png,426,564,471,609,3,3
palmera_420298.png,264,632,309,677,3,2
palmera_420298.png,218,472,263,517,3,0
palmera_420298.png,212,454,257,499,3,0
palmera_420298.png,662,548,707,593,3,3
palmera_420298.png,678,562,723,607,3,3
palmera_420298.png,823,335,868,380,3,3
palmera_420298.png,808,298,853,343,3,3
palmera_420298.png,833,292,878,337,3,3
palmera_420298.png,843,285,888,330,3,3
palmera_420298.png,931,291,976,336,3,3
palmera_420298.png,961,207,1006,252,3,3
palmera_420298.png,864,243,909,288,3,3
palmera_420298.png,840,234,885,279,3,3
palmera_420298.png,815,252,860,297,3,3
palmera_420298.png,789,253,834,298,3,3
palmera_420298.png,813,187,858,232,3,3
palmera_420298.png,797,205,842,250,3,3
palmera_420298.png,776,222,821,267,3,3
palmera_420298.png,741,270,786,315,3,3
palmera_420298.png,839,42,884,87,3,3
palmera_420298.png,829,14,874,59,3,3
palmera_420298.png,775,29,820,74,3,3
palmera_420298.png,144,300,189,345,3,0
palmera_420298.png,195,140,240,185,3,0
palmera_420298.png,-20,99,24,144,3,0
palmera_420698.png,16,618,61,663,3,0
palmera_420698.png,385,242,430,287,3,3
palmera_420698.png,10,283,55,328,3,3
palmera_420698.png,102,489,147,534,3,3
palmera_420698.png,379,441,424,486,3,3
palmera_420698.png,55,585,100,630,3,3
palmera_420698.png,361,422,406,467,3,3
palmera_420698.png,375,366,420,411,3,3
palmera_420698.png,227,328,272,373,3,3
palmera_420698.png,128,256,173,301,3,3
palmera_420698.png,149,242,194,287,3,3
palmera_420698.png,94,192,139,237,3,3
palmera_420698.png,359,398,404,443,3,3
palmera_420698.png,157,137,202,182,3,3
palmera_420698.png,146,127,191,172,3,3
palmera_420698.png,187,111,232,156,3,3
palmera_420698.png,205,138,250,183,3,3
palmera_420698.png,225,80,270,125,3,3
palmera_420698.png,248,71,293,116,3,3
palmera_420698.png,211,62,256,107,3,3
palmera_420698.png,165,88,210,133,3,3
palmera_420698.png,104,21,149,66,3,0
palmera_420698.png,75,10,120,55,3,0
palmera_420698.png,13,15,58,60,3,3
palmera_420698.png,388,135,433,180,3,0
palmera_420698.png,888,632,933,677,3,3
palmera_420698.png,869,663,914,708,3,3
palmera_420698.png,970,661,1015,706,3,3
palmera_420698.png,841,702,886,747,3,3
palmera_420698.png,823,662,868,707,3,3
palmera_420698.png,768,685,813,730,3,3
palmera_420698.png,692,669,737,714,3,3
palmera_420698.png,655,662,700,707,3,3
palmera_420698.png,693,667,738,712,3,3
palmera_420698.png,668,593,713,638,3,3
palmera_420698.png,736,353,781,398,3,0
palmera_420698.png,907,384,952,429,3,0
palmera_420698.png,635,567,680,612,3,3
palmera_420698.png,633,528,678,573,3,3
palmera_420698.png,662,436,707,481,3,3
palmera_420698.png,657,342,702,387,3,3
palmera_420698.png,522,473,567,518,3,3
palmera_420698.png,428,398,473,443,3,3
palmera_420698.png,414,359,459,404,3,3
palmera_420698.png,454,344,499,389,3,3
palmera_420698.png,418,336,463,381,3,3
palmera_420698.png,426,397,471,442,3,3
palmera_420698.png,490,429,535,474,3,3
palmera_420698.png,488,395,533,440,3,3
palmera_420698.png,487,356,532,401,3,3
palmera_420698.png,487,334,532,379,3,3
palmera_420698.png,512,338,557,383,3,3
palmera_420698.png,506,312,551,357,3,3
palmera_420698.png,488,298,533,343,3,3
palmera_420698.png,509,318,554,363,3,3
palmera_420698.png,495,292,540,337,3,3
palmera_420698.png,549,266,594,311,3,0
palmera_420698.png,532,272,577,317,3,3
palmera_420698.png,524,236,569,281,3,0
palmera_420698.png,496,222,541,267,3,0
palmera_420698.png,498,287,543,332,3,3
palmera_420698.png,437,289,482,334,3,3
palmera_420698.png,429,276,474,321,3,3
palmera_420698.png,445,272,490,317,3,3
palmera_420698.png,430,258,475,303,3,3
palmera_420698.png,386,237,431,282,3,3
palmera_420698.png,391,138,436,183,3,0
palmera_420698.png,401,169,446,214,3,0
palmera_420698.png,562,137,607,182,3,3
palmera_420698.png,553,133,598,178,3,3
palmera_420698.png,545,94,590,139,3,3
palmera_420698.png,531,80,576,125,3,3
palmera_421098.png,524,60,569,105,3,3
palmera_421098.png,531,36,576,81,3,3
palmera_421098.png,547,34,592,79,3,3
palmera_421098.png,557,19,602,64,3,3
palmera_421098.png,568,13,613,58,3,3
palmera_421098.png,520,-1,565,43,3,3
palmera_421098.png,459,10,504,55,3,3
palmera_421098.png,322,20,367,65,3,0
palmera_421098.png,802,492,847,537,3,0
palmera_421098.png,814,410,859,455,3,0
palmera_421098.png,781,466,826,511,3,0
palmera_421098.png,606,431,651,476,3,0
palmera_421098.png,615,383,660,428,3,0
palmera_421098.png,586,356,631,401,3,0
palmera_421098.png,458,672,503,717,3,0
palmera_421098.png,511,676,556,721,3,0
palmera_421098.png,531,639,576,684,3,0
palmera_421098.png,581,621,626,666,3,0
palmera_421098.png,533,572,578,617,3,0
palmera_421098.png,444,605,489,650,3,0
palmera_421098.png,428,680,473,725,3,0
palmera_421098.png,393,674,438,719,3,0
palmera_421098.png,356,603,401,648,3,0
palmera_421098.png,115,664,160,709,3,0
palmera_421098.png,87,640,132,685,3,0
palmera_421098.png,69,624,114,669,3,0
palmera_421098.png,82,674,127,719,3,0
palmera_421098.png,65,449,110,494,3,0
palmera_421098.png,122,469,167,514,3,0
palmera_421098.png,165,494,210,539,3,0
palmera_421098.png,277,445,322,490,3,0
palmera_421098.png,273,419,318,464,3,0
palmera_421098.png,294,411,339,456,3,0
palmera_421098.png,422,354,467,399,3,0
palmera_421098.png,486,342,531,387,3,0
palmera_421098.png,512,330,557,375,3,0
palmera_421098.png,497,336,542,381,3,0
palmera_421098.png,516,333,561,378,3,0
palmera_421098.png,454,323,499,368,3,0
palmera_421098.png,346,348,391,393,3,0
palmera_421098.png,337,350,382,395,3,0
palmera_421098.png,285,362,330,407,3,0
palmera_421098.png,279,370,324,415,3,0
palmera_421098.png,274,381,319,426,3,0
palmera_421098.png,607,288,652,333,3,0
palmera_421098.png,495,271,540,316,3,0
palmera_421098.png,581,286,626,331,3,0
palmera_421098.png,437,257,482,302,3,0
palmera_421098.png,573,268,618,313,3,0
palmera_421098.png,537,288,582,333,3,0
palmera_421098.png,483,319,528,364,3,0
palmera_421098.png,456,318,501,363,3,0
palmera_421098.png,452,324,497,369,3,0
palmera_421098.png,511,256,556,301,3,0
palmera_421098.png,495,254,540,299,3,0
palmera_421098.png,435,228,480,273,3,0
palmera_421098.png,481,213,526,258,3,0
palmera_421098.png,439,221,484,266,3,0
palmera_421098.png,421,223,466,268,3,0
palmera_421098.png,468,175,513,220,3,0
palmera_421098.png,439,186,484,231,3,0
palmera_421098.png,429,189,474,234,3,0
palmera_421098.png,417,192,462,237,3,0
palmera_421098.png,394,189,439,234,3,0
palmera_421098.png,379,189,424,234,3,0
palmera_421098.png,373,144,418,189,3,0
palmera_421098.png,360,139,405,184,3,0
palmera_421098.png,284,194,329,239,3,0
palmera_421098.png,256,153,301,198,3,0
palmera_421098.png,87,252,132,297,3,0
palmera_421098.png,148,181,193,226,3,0
palmera_421098.png,81,187,126,232,3,0
palmera_421098.png,81,166,126,211,3,0
palmera_421098.png,46,186,91,231,3,0
palmera_421098.png,22,184,67,229,3,0
palmera_421098.png,56,106,101,151,3,0
palmera_421098.png,20,138,65,183,3,0
palmera_421098.png,203,58,248,103,3,0
palmera_421098.png,189,46,234,91,3,0
palmera_421098.png,392,-3,437,41,3,0
palmera_421098.png,324,22,369,67,3,0
palmera_421098.png,318,3,363,48,3,0
palmera_421098.png,297,24,342,69,3,0
palmera_421098.png,137,39,182,84,3,0
palmera_421098.png,3,0,48,44,3,0
palmera_421098.png,-7,-19,37,25,3,0
palmera_421098.png,319,-22,364,22,3,0
palmera_421098.png,225,-19,270,25,3,0
palmera_421098.png,247,-21,292,23,3,0
palmera_421098.png,659,-17,704,27,3,3
palmera_421098.png,937,437,982,482,3,0
palmera_421098.png,837,470,882,515,3,0
palmera_421098.png,967,495,1012,540,3,0
palmera_421098.png,915,576,960,621,3,0
palmera_421098.png,913,489,958,534,3,0
palmera_421098.png,868,447,913,492,3,0
palmera_421098.png,857,426,902,471,3,0
palmera_421098.png,991,12,1036,57,3,3
palmera_421498.png,791,573,836,618,3,3
palmera_421498.png,766,550,811,595,3,3
palmera_421498.png,775,537,820,582,3,3
palmera_421498.png,739,507,784,552,3,3
palmera_421498.png,548,468,593,513,3,0
palmera_421498.png,508,240,553,285,3,0
palmera_421498.png,486,342,531,387,3,0
palmera_421498.png,540,347,585,392,3,0
palmera_421498.png,520,18,565,63,3,0
palmera_421498.png,504,12,549,57,3,0
palmera_421498.png,517,1,562,46,3,0
palmera_421498.png,677,387,722,432,3,3
