image,bbox_x1,bbox_y1,bbox_x2,bbox_y2,det_confidence,palm_class,palm_confidence,environment_class,environment_confidence
palmera_412698.png,374,374,421,422,0.21086038649082184,1,0.2387666553258896,3,0.6866827607154846
palmera_413098.png,221,446,265,491,0.231923446059227,3,0.8843520283699036,0,0.48104074597358704
palmera_413098.png,350,402,395,447,0.22984449565410614,0,0.39121299982070923,0,0.6159633994102478
palmera_413098.png,111,539,157,586,0.227639839053154,0,0.508066713809967,3,0.5098040103912354
palmera_413098.png,251,446,293,489,0.2132444977760315,0,0.3996422588825226,0,0.53595370054245
palmera_413098.png,136,516,181,563,0.20878726243972778,0,0.4669404625892639,0,0.5557079911231995
palmera_413098.png,224,438,267,482,0.20430733263492584,3,0.7419976592063904,0,0.6520131230354309
palmera_413098.png,230,416,275,462,0.20334492623806,0,0.37191078066825867,0,0.47906723618507385
palmera_413098.png,164,562,210,608,0.20249077677726746,0,0.5734972953796387,0,0.8514525294303894
palmera_413098.png,653,411,700,457,0.20231065154075623,2,0.68434077501297,3,0.8419548273086548
palmera_413098.png,148,540,192,585,0.19723373651504517,0,0.4155180752277374,3,0.8467128872871399
palmera_413098.png,167,556,215,604,0.18985164165496826,0,0.3919927775859833,0,0.7214300036430359
palmera_413098.png,452,232,498,277,0.18902835249900818,1,0.4305673837661743,0,0.8150328397750854
palmera_413098.png,312,428,358,476,0.18854783475399017,0,0.3751814663410187,0,0.7165058851242065
palmera_413098.png,159,614,205,658,0.1865261197090149,1,0.3602030277252197,0,0.606626570224762
palmera_413898.png,808,629,855,674,0.23115646839141846,3,0.43835198879241943,0,0.9009580016136169
palmera_413898.png,807,650,854,698,0.19803646206855774,3,0.49646851420402527,0,0.8445658683776855
palmera_414298.png,536,306,577,346,0.2846542298793793,5,0.32844769954681396,3,0.992584764957428
palmera_414298.png,604,366,645,406,0.2484285682439804,0,0.3082895874977112,3,0.9537627696990967
palmera_414298.png,562,306,602,346,0.24498306214809418,3,0.35714012384414673,3,0.9757338166236877
palmera_414298.png,604,357,646,399,0.2312323898077011,3,0.49174264073371887,3,0.9421010613441467
palmera_414298.png,577,331,618,371,0.22921057045459747,0,0.31474846601486206,3,0.9967514276504517
palmera_414298.png,614,382,656,425,0.2286616414785385,0,0.40105459094047546,3,0.7398807406425476
palmera_414298.png,560,299,600,340,0.2246091216802597,0,0.3235626220703125,3,0.9947746396064758
palmera_414298.png,555,345,597,387,0.21506813168525696,3,0.5919003486633301,3,0.9942482709884644
palmera_414298.png,585,326,626,367,0.21332812309265137,0,0.3873358368873596,3,0.9938090443611145
palmera_414298.png,470,468,513,511,0.2063148021697998,3,0.6150496602058411,3,0.9827415347099304
palmera_414298.png,651,365,693,406,0.20605167746543884,0,0.5858718752861023,3,0.710345447063446
palmera_414298.png,91,172,131,213,0.20157743990421295,1,0.5863444805145264,0,0.8339532613754272
palmera_414298.png,680,350,723,393,0.2012118697166443,3,0.5490482449531555,2,0.5746007561683655
palmera_414298.png,606,328,648,370,0.1995314210653305,3,0.4431585371494293,3,0.9917023777961731
palmera_414298.png,565,312,604,352,0.19365587830543518,3,0.48333224654197693,3,0.9860504269599915
palmera_414298.png,12,49,54,92,0.19268566370010376,5,0.7274496555328369,0,0.6788444519042969
palmera_414298.png,0,54,31,96,0.18905840814113617,5,0.6686945557594299,0,0.6191495656967163
palmera_414298.png,583,343,625,385,0.18792109191417694,0,0.49742740392684937,3,0.9912728667259216
palmera_414298.png,592,324,633,366,0.18745392560958862,0,0.34403669834136963,3,0.9941484928131104
palmera_414698.png,976,203,1017,246,0.2884545624256134,3,0.9744951128959656,3,0.9577715992927551
palmera_414698.png,351,608,393,649,0.22009555995464325,3,0.85600346326828,3,0.584941565990448
palmera_414698.png,356,591,396,632,0.20887809991836548,3,0.668889045715332,3,0.5746943950653076
palmera_414698.png,288,140,327,179,0.2068985253572464,3,0.6503453254699707,1,0.443211168050766
palmera_414698.png,195,599,240,643,0.18799924850463867,5,0.3810267746448517,3,0.9190278649330139
palmera_415098.png,138,46,182,88,0.35524073243141174,3,0.492538720369339,3,0.9092766642570496
palmera_415098.png,5,399,49,444,0.29413506388664246,3,0.670394778251648,3,0.4942860007286072
palmera_415098.png,53,425,97,468,0.2940169870853424,3,0.5334373116493225,0,0.6655190587043762
palmera_415098.png,899,105,943,148,0.29128298163414,3,0.8494675755500793,3,0.676110029220581
palmera_415098.png,671,518,716,562,0.28332510590553284,3,0.7538211941719055,3,0.8739845752716064
palmera_415098.png,221,38,266,81,0.2785288393497467,3,0.8436521291732788,3,0.9299606680870056
palmera_415098.png,377,542,421,587,0.2715986967086792,3,0.5555135011672974,0,0.3893292248249054
palmera_415098.png,638,498,680,540,0.26692408323287964,2,0.43446263670921326,0,0.5154553055763245
palmera_415098.png,46,495,92,541,0.26360756158828735,3,0.8250153660774231,0,0.8377379775047302
palmera_415098.png,80,422,122,465,0.26157712936401367,2,0.39047831296920776,3,0.5416613817214966
palmera_415098.png,651,515,693,556,0.26053640246391296,3,0.9422429203987122,3,0.7262299656867981
palmera_415098.png,826,655,872,700,0.2586432993412018,3,0.7882464528083801,3,0.9289946556091309
palmera_415098.png,94,360,140,405,0.2585489749908447,3,0.7520080804824829,3,0.5782233476638794
palmera_415098.png,146,54,189,96,0.25700077414512634,3,0.6237775683403015,3,0.8425959348678589
palmera_415098.png,245,477,290,521,0.25512024760246277,3,0.5810624361038208,3,0.5880438685417175
palmera_415098.png,45,461,89,505,0.2498774528503418,3,0.3302720785140991,0,0.8424283266067505
palmera_415098.png,180,47,223,91,0.24711982905864716,3,0.5567445755004883,3,0.7659279108047485
palmera_415098.png,54,415,98,460,0.24642185866832733,3,0.5003609657287598,0,0.607869029045105
palmera_415098.png,47,370,91,413,0.24550817906856537,3,0.7714846730232239,3,0.5026871562004089
palmera_415098.png,166,70,210,114,0.24542057514190674,3,0.7291353940963745,3,0.7833850979804993
palmera_415098.png,128,21,172,66,0.2441491186618805,3,0.4202410876750946,3,0.8893449306488037
palmera_415098.png,118,56,161,100,0.24245181679725647,3,0.8242537975311279,3,0.7066293954849243
palmera_415098.png,873,130,918,173,0.24240681529045105,0,0.557976245880127,0,0.7663066983222961
palmera_415098.png,95,368,139,411,0.23895040154457092,3,0.4743519127368927,0,0.40105709433555603
palmera_415098.png,680,546,724,590,0.23726366460323334,3,0.3767312169075012,3,0.5767600536346436
palmera_415098.png,42,409,85,451,0.2368844449520111,3,0.3975236415863037,3,0.5249784588813782
palmera_415098.png,18,86,63,130,0.23632651567459106,3,0.8731476664543152,0,0.5814372301101685
palmera_415098.png,184,72,228,115,0.23624546825885773,3,0.4194265305995941,3,0.8645172715187073
palmera_415098.png,818,8,863,54,0.22851070761680603,3,0.3654465079307556,3,0.9570309519767761
palmera_415098.png,178,39,224,84,0.22720742225646973,3,0.49356359243392944,3,0.8647693991661072
palmera_415098.png,50,410,95,454,0.225204199552536,3,0.6230577230453491,0,0.7646980881690979
palmera_415098.png,621,480,663,520,0.2224409580230713,3,0.4914584457874298,3,0.6661244034767151
palmera_415098.png,42,315,86,359,0.22075706720352173,3,0.8018423914909363,6,0.3423294425010681
palmera_415098.png,474,79,517,121,0.21941214799880981,3,0.7604234218597412,3,0.7695798873901367
palmera_415098.png,908,148,952,191,0.21911117434501648,4,0.6442087292671204,3,0.5127361416816711
palmera_415098.png,912,139,955,183,0.2182873636484146,3,0.3007356822490692,3,0.5537877678871155
palmera_415098.png,0,77,27,120,0.21817949414253235,5,0.6741929054260254,0,0.5482437014579773
palmera_415098.png,84,0,125,39,0.21725496649742126,4,0.38722535967826843,3,0.9413491487503052
palmera_415098.png,16,5,58,46,0.21644079685211182,4,0.42050880193710327,3,0.8367406725883484
palmera_415098.png,14,122,57,165,0.21604207158088684,3,0.4854544401168823,6,0.301317423582077
palmera_415098.png,809,40,855,85,0.21581828594207764,0,0.44382864236831665,3,0.8474934697151184
palmera_415098.png,173,56,218,99,0.2138839215040207,3,0.6953198909759521,3,0.7298561930656433
palmera_415098.png,305,56,349,99,0.21102787554264069,3,0.4673100411891937,3,0.8684852719306946
palmera_415098.png,51,31,94,72,0.2083185464143753,3,0.3549341857433319,3,0.6671594381332397
palmera_415098.png,224,45,265,88,0.20787577331066132,4,0.3292291760444641,3,0.9508641362190247
palmera_415098.png,219,49,262,94,0.2074623703956604,3,0.4290671646595001,3,0.8873948454856873
palmera_415098.png,588,456,631,499,0.2048773467540741,2,0.4977577030658722,0,0.5216498374938965
palmera_415098.png,122,17,166,60,0.2032754123210907,4,0.3016852140426636,3,0.8769538402557373
palmera_415098.png,34,376,75,417,0.2030482292175293,3,0.5979315638542175,3,0.4562583267688751
palmera_415098.png,349,592,393,637,0.20222242176532745,3,0.40067753195762634,0,0.5235466957092285
palmera_415098.png,175,71,221,115,0.20090042054653168,3,0.3692399859428406,3,0.5752853751182556
palmera_415098.png,127,10,172,55,0.20075026154518127,3,0.3366970717906952,3,0.9412600994110107
palmera_415098.png,856,296,902,341,0.200054332613945,3,0.522510826587677,3,0.8935035467147827
palmera_415098.png,614,473,656,514,0.19855616986751556,3,0.8186071515083313,3,0.7140388488769531
palmera_415098.png,113,0,156,41,0.19628627598285675,2,0.5126091837882996,3,0.9518269300460815
palmera_415098.png,172,63,215,105,0.19429583847522736,3,0.6834713220596313,3,0.8372383713722229
palmera_415098.png,225,60,267,101,0.19082914292812347,3,0.5548545122146606,3,0.8547974824905396
palmera_415098.png,616,452,658,494,0.1906672865152359,2,0.5183557868003845,3,0.48035183548927307
palmera_415098.png,147,62,190,103,0.18957799673080444,3,0.9099392294883728,3,0.7934275269508362
palmera_415098.png,165,79,210,123,0.1885068416595459,3,0.6598511338233948,3,0.7753377556800842
palmera_415098.png,71,379,113,421,0.1853916198015213,3,0.7840452194213867,3,0.4582289159297943
palmera_415098.png,302,50,345,93,0.1847180873155594,2,0.5427199006080627,3,0.8823983073234558
palmera_415098.png,42,374,85,416,0.18437165021896362,3,0.8893651962280273,3,0.5742864012718201
palmera_415098.png,140,63,184,105,0.1841253936290741,3,0.7443354725837708,3,0.7668997049331665
palmera_415498.png,506,534,553,579,0.3335891664028168,3,0.7992648482322693,0,0.7319005727767944
palmera_415498.png,323,566,368,612,0.32861486077308655,3,0.5919361114501953,0,0.8470561504364014
palmera_415498.png,306,572,352,618,0.2903316020965576,3,0.6227339506149292,0,0.6168183088302612
palmera_415498.png,334,619,378,664,0.2820843458175659,3,0.6196062564849854,0,0.42336225509643555
palmera_415498.png,263,601,310,647,0.28081151843070984,3,0.7188806533813477,0,0.7961208820343018
palmera_415498.png,491,506,537,552,0.27510499954223633,3,0.5883086323738098,0,0.5950471758842468
palmera_415498.png,408,607,454,652,0.27067700028419495,3,0.8529977798461914,3,0.5313097834587097
palmera_415498.png,345,544,390,589,0.26970094442367554,3,0.8466697931289673,0,0.5453498363494873
palmera_415498.png,315,361,362,408,0.2657121419906616,3,0.8769148588180542,0,0.8931294679641724
palmera_415498.png,339,384,385,429,0.259524405002594,3,0.8916835784912109,0,0.9512514472007751
palmera_415498.png,275,533,325,581,0.25241661071777344,5,0.42122435569763184,0,0.7934028506278992
palmera_415498.png,466,506,513,553,0.24217920005321503,3,0.7338829636573792,0,0.8680782318115234
palmera_415498.png,447,480,490,524,0.24214784801006317,3,0.7595556974411011,0,0.7785357236862183
palmera_415498.png,527,573,572,619,0.2421259880065918,3,0.699326753616333,0,0.8807149529457092
palmera_415498.png,254,564,301,611,0.24025243520736694,3,0.6106919050216675,0,0.7993228435516357
palmera_415498.png,593,472,641,518,0.23937085270881653,3,0.6816139221191406,0,0.7705228328704834
palmera_415498.png,390,632,434,676,0.23820839822292328,5,0.595910906791687,3,0.6695974469184875
palmera_415498.png,424,587,470,632,0.23725564777851105,2,0.4052686095237732,0,0.5486660003662109
palmera_415498.png,351,388,396,434,0.23634201288223267,3,0.8435584306716919,0,0.7996450066566467
palmera_415498.png,361,365,404,409,0.23421183228492737,3,0.4633379876613617,0,0.8816458582878113
palmera_415498.png,367,467,412,513,0.2319829910993576,3,0.4553043842315674,0,0.5001183152198792
palmera_415498.png,411,615,454,658,0.230946883559227,3,0.7910350561141968,3,0.4950370788574219
palmera_415498.png,456,535,503,582,0.23064719140529633,3,0.7795091271400452,0,0.6262855529785156
palmera_415498.png,521,566,566,611,0.23019938170909882,3,0.5115259289741516,0,0.5382470488548279
palmera_415498.png,850,333,894,376,0.2300194501876831,3,0.5455618500709534,3,0.5140746235847473
palmera_415498.png,342,378,388,423,0.22896496951580048,3,0.5219957828521729,0,0.8451738953590393
palmera_415498.png,437,639,482,684,0.22833390533924103,2,0.2646172344684601,3,0.7202939391136169
palmera_415498.png,131,510,175,554,0.2280821055173874,3,0.40996962785720825,0,0.9372667074203491
palmera_415498.png,626,530,673,577,0.22584551572799683,3,0.27332112193107605,0,0.8356585502624512
palmera_415498.png,285,609,331,655,0.22513964772224426,5,0.3752458691596985,0,0.5671489834785461
palmera_415498.png,365,512,410,557,0.22463269531726837,5,0.41058459877967834,0,0.547584056854248
palmera_415498.png,444,314,491,360,0.22450242936611176,3,0.5055755972862244,0,0.9659527540206909
palmera_415498.png,840,539,889,588,0.22345252335071564,5,0.3302844166755676,6,0.6918602585792542
palmera_415498.png,441,631,486,677,0.2230604588985443,3,0.2987690567970276,0,0.5163302421569824
palmera_415498.png,311,614,357,659,0.2217315435409546,3,0.7294126749038696,0,0.6452369093894958
palmera_415498.png,525,437,573,484,0.2213899791240692,3,0.8457368016242981,0,0.86737060546875
palmera_415498.png,841,291,889,340,0.21464960277080536,0,0.6437384486198425,3,0.6125265955924988
palmera_415498.png,374,671,422,719,0.21265853941440582,5,0.5360316634178162,3,0.89730304479599
palmera_415498.png,352,629,397,674,0.21231113374233246,5,0.6055188775062561,3,0.6125674247741699
palmera_415498.png,628,539,674,585,0.20876528322696686,3,0.35675206780433655,0,0.6487509608268738
palmera_415498.png,338,591,383,636,0.20773683488368988,3,0.3374713957309723,0,0.45451590418815613
palmera_415498.png,319,613,365,658,0.20632344484329224,3,0.7787108421325684,3,0.5678719282150269
palmera_415498.png,282,528,330,576,0.20534661412239075,3,0.4477207660675049,0,0.7700061798095703
palmera_415498.png,800,418,846,463,0.20484256744384766,4,0.4313487410545349,3,0.5440210103988647
palmera_415498.png,463,491,509,537,0.20381136238574982,3,0.4868047535419464,0,0.7992481589317322
palmera_415498.png,514,563,561,608,0.2031792849302292,3,0.6001677513122559,0,0.86313396692276
palmera_415498.png,589,599,637,649,0.20260615646839142,3,0.5685884952545166,0,0.6456496119499207
palmera_415498.png,682,480,730,527,0.19949555397033691,3,0.42321527004241943,0,0.4753531813621521
palmera_415498.png,409,623,453,666,0.19865301251411438,3,0.8730556964874268,3,0.4778690040111542
palmera_415498.png,839,300,889,350,0.19734671711921692,0,0.45740532875061035,3,0.6388154625892639
palmera_415498.png,629,549,675,594,0.19698064029216766,3,0.6926089525222778,0,0.8957648873329163
palmera_415498.png,730,243,778,292,0.1966722458600998,2,0.24243603646755219,0,0.9037070274353027
palmera_415498.png,425,479,472,524,0.19646340608596802,5,0.49142032861709595,0,0.7045311331748962
palmera_415498.png,835,313,883,360,0.19617904722690582,1,0.4623303711414337,0,0.5864649415016174
palmera_415498.png,514,415,562,462,0.19278885424137115,3,0.44306060671806335,0,0.7331694960594177
palmera_415498.png,386,638,431,682,0.19074647128582,5,0.4247734546661377,0,0.4912128448486328
palmera_415498.png,590,592,638,641,0.1897544264793396,0,0.33721408247947693,0,0.791390597820282
palmera_415498.png,348,474,394,520,0.18864037096500397,3,0.578648030757904,0,0.7822593450546265
palmera_415498.png,348,396,395,442,0.1885046511888504,3,0.4658275842666626,0,0.8601945638656616
palmera_415498.png,334,390,380,434,0.18640285730361938,3,0.7237127423286438,0,0.8476535677909851
palmera_415498.png,518,409,565,457,0.18618535995483398,5,0.7060900330543518,0,0.8839744329452515
palmera_415498.png,793,443,837,487,0.1860053688287735,3,0.5010956525802612,0,0.8074696063995361
palmera_415498.png,273,604,321,650,0.18440936505794525,3,0.8447577953338623,0,0.7975007891654968
palmera_415898.png,575,221,619,266,0.2964867353439331,1,0.8143381476402283,3,0.9745059013366699
palmera_415898.png,518,359,564,403,0.23988398909568787,3,0.418746680021286,3,0.4980168044567108
palmera_415898.png,681,337,726,382,0.23555989563465118,3,0.8794325590133667,3,0.9176240563392639
palmera_415898.png,580,161,624,205,0.22328095138072968,3,0.5701125264167786,3,0.9842349886894226
palmera_415898.png,653,374,700,420,0.20567455887794495,3,0.4149766266345978,3,0.903396725654602
palmera_415898.png,498,339,545,386,0.19758035242557526,1,0.5095580220222473,3,0.8679522275924683
palmera_415898.png,561,179,605,223,0.19173437356948853,3,0.8447642922401428,3,0.9916819930076599
palmera_415898.png,609,145,651,186,0.18563631176948547,3,0.4794155955314636,3,0.9954850673675537
palmera_416298.png,581,135,625,180,0.347769170999527,1,0.4422275424003601,6,0.41750362515449524
palmera_416298.png,594,136,638,180,0.3340902626514435,3,0.25450700521469116,5,0.4488182067871094
palmera_416298.png,561,172,606,216,0.31047323346138,4,0.4060595631599426,5,0.4234684109687805
palmera_416298.png,558,117,600,160,0.3063247799873352,4,0.3988353908061981,5,0.3197539150714874
palmera_416298.png,622,100,665,143,0.3052883744239807,3,0.25893279910087585,5,0.48033595085144043
palmera_416298.png,568,154,613,198,0.3005773425102234,4,0.3228747546672821,5,0.42069077491760254
palmera_416298.png,537,139,582,183,0.2981983721256256,3,0.3631300628185272,6,0.38524410128593445
palmera_416298.png,611,107,656,151,0.2948254644870758,3,0.425617516040802,6,0.43597641587257385
palmera_416298.png,564,163,609,209,0.28535932302474976,4,0.5746725797653198,6,0.38299742341041565
palmera_416298.png,579,102,623,145,0.2801111042499542,1,0.5114009380340576,6,0.39742836356163025
palmera_416298.png,555,178,602,225,0.2724984586238861,3,0.35700079798698425,5,0.4156778156757355
palmera_416298.png,551,123,595,167,0.27096712589263916,3,0.5582597255706787,5,0.4333063066005707
palmera_416298.png,503,184,548,228,0.27013447880744934,3,0.6989864706993103,6,0.4078146815299988
palmera_416298.png,553,187,598,231,0.26954466104507446,3,0.5055705308914185,6,0.3221065402030945
palmera_416298.png,641,62,687,108,0.2667934000492096,3,0.3652994632720947,6,0.468798965215683
palmera_416298.png,578,143,622,186,0.2647372782230377,3,0.4387761354446411,6,0.5019732713699341
palmera_416298.png,554,195,598,238,0.26205506920814514,3,0.6490984559059143,5,0.6079214811325073
palmera_416298.png,610,117,653,161,0.25914403796195984,3,0.4620780944824219,5,0.40920382738113403
palmera_416298.png,835,140,880,185,0.24898187816143036,2,0.9066023826599121,4,0.887144923210144
palmera_416298.png,627,87,671,131,0.2449069619178772,2,0.2423723042011261,6,0.47818252444267273
palmera_416298.png,938,463,981,506,0.24364718794822693,3,0.2818170189857483,4,0.8231053948402405
palmera_416298.png,538,205,583,250,0.23968783020973206,3,0.6025591492652893,5,0.40595999360084534
palmera_416298.png,563,181,608,226,0.2329862117767334,3,0.3093266785144806,5,0.3010987639427185
palmera_416298.png,528,153,572,197,0.23250816762447357,3,0.4423438012599945,6,0.3812544047832489
palmera_416298.png,626,93,669,137,0.2317316085100174,1,0.21962091326713562,6,0.4470518231391907
palmera_416298.png,588,127,633,172,0.22866763174533844,1,0.3281993269920349,6,0.48246681690216064
palmera_416298.png,601,121,646,165,0.22647625207901,3,0.3306855261325836,5,0.5054662823677063
palmera_416298.png,627,79,672,124,0.2209286242723465,2,0.2661137580871582,6,0.415169358253479
palmera_416298.png,703,105,747,148,0.2176332175731659,1,0.8663049936294556,5,0.4148591458797455
palmera_416298.png,514,168,557,212,0.21625171601772308,3,0.3795686662197113,5,0.3768720030784607
palmera_416298.png,531,147,576,192,0.21473348140716553,3,0.5557449460029602,6,0.408542662858963
palmera_416298.png,582,151,626,195,0.21009160578250885,3,0.28929734230041504,5,0.3709987998008728
palmera_416298.png,828,595,871,638,0.20955954492092133,1,0.39523541927337646,4,0.9024088978767395
palmera_416298.png,545,130,591,177,0.20627279579639435,3,0.6232206225395203,5,0.39710748195648193
palmera_416298.png,681,17,726,62,0.19606822729110718,3,0.6833794713020325,5,0.8344756364822388
palmera_416298.png,629,70,678,117,0.19350135326385498,1,0.30923423171043396,5,0.46468886733055115
palmera_416298.png,515,229,562,276,0.18971116840839386,3,0.49265024065971375,5,0.3156140446662903
palmera_416298.png,548,150,589,192,0.1856837421655655,3,0.32109931111335754,5,0.24275876581668854
palmera_416298.png,991,608,1018,657,0.185613751411438,1,0.4931297302246094,4,0.38970038294792175
palmera_416698.png,964,110,1008,154,0.3032321631908417,3,0.4873541593551636,0,0.686226487159729
palmera_416698.png,985,57,1018,100,0.29863667488098145,3,0.3186614215373993,0,0.47956112027168274
palmera_416698.png,295,452,338,495,0.2740604281425476,2,0.39168581366539,0,0.6297418475151062
palmera_416698.png,348,321,388,362,0.2702261507511139,2,0.413786917924881,3,0.8844143152236938
palmera_416698.png,992,121,1018,167,0.25588133931159973,4,0.6290057897567749,3,0.7989694476127625
palmera_416698.png,460,444,502,485,0.2557079493999481,3,0.683343231678009,3,0.7932775020599365
palmera_416698.png,411,625,452,666,0.254263311624527,2,0.6951988935470581,0,0.6439311504364014
palmera_416698.png,456,352,499,395,0.24954046308994293,3,0.511304497718811,3,0.9208009243011475
palmera_416698.png,986,64,1018,107,0.24688409268856049,4,0.26659339666366577,0,0.4246343672275543
palmera_416698.png,406,411,449,454,0.2455333024263382,2,0.5505925416946411,3,0.7911945581436157
palmera_416698.png,969,113,1014,158,0.23846089839935303,3,0.38659295439720154,0,0.5474838614463806
palmera_416698.png,282,509,325,552,0.23687532544136047,2,0.42379745841026306,0,0.7323057651519775
palmera_416698.png,937,11,981,57,0.23652398586273193,3,0.287544310092926,3,0.7070859670639038
palmera_416698.png,936,56,981,101,0.2364419400691986,3,0.30698055028915405,3,0.7940854430198669
palmera_416698.png,261,447,304,490,0.23545464873313904,3,0.3674892485141754,0,0.7338886260986328
palmera_416698.png,472,291,516,333,0.23372718691825867,2,0.6176617741584778,3,0.9541119933128357
palmera_416698.png,359,299,400,340,0.23314936459064484,2,0.597861111164093,3,0.7208630442619324
palmera_416698.png,354,274,393,313,0.23202234506607056,3,0.6059765815734863,3,0.5165053009986877
palmera_416698.png,454,401,496,442,0.2310924082994461,2,0.7079043984413147,3,0.9704609513282776
palmera_416698.png,392,460,437,504,0.22427970170974731,0,0.3495830297470093,3,0.6695781350135803
palmera_416698.png,391,241,435,283,0.22256824374198914,2,0.460191547870636,3,0.7586016058921814
palmera_416698.png,457,432,499,475,0.21891003847122192,3,0.5001612901687622,3,0.9372599720954895
palmera_416698.png,468,183,514,227,0.20914219319820404,3,0.8210471272468567,3,0.6043698787689209
palmera_416698.png,944,78,986,120,0.2055187076330185,3,0.5247567296028137,3,0.6934442520141602
palmera_416698.png,451,336,495,380,0.20383596420288086,2,0.5993895530700684,3,0.9815117716789246
palmera_416698.png,458,363,500,404,0.20170140266418457,2,0.643130362033844,3,0.9583100080490112
palmera_416698.png,475,412,517,453,0.20065049827098846,2,0.5347098112106323,3,0.9689381122589111
palmera_416698.png,937,65,981,108,0.20056302845478058,2,0.3021065294742584,3,0.7249681353569031
palmera_416698.png,345,314,386,355,0.19508486986160278,3,0.4965263307094574,3,0.616965115070343
palmera_416698.png,502,101,547,146,0.19488608837127686,2,0.6385539770126343,3,0.9715045094490051
palmera_416698.png,351,337,393,379,0.19422762095928192,3,0.5212694406509399,3,0.8687272071838379
palmera_416698.png,448,330,492,374,0.19282253086566925,2,0.7013218998908997,3,0.9575990438461304
palmera_416698.png,453,424,496,467,0.19024667143821716,3,0.6006606221199036,3,0.9701094031333923
palmera_416698.png,297,444,341,487,0.18644782900810242,3,0.5936674475669861,0,0.5803743004798889
palmera_416698.png,456,440,497,481,0.1862652748823166,3,0.6544992327690125,3,0.8558024168014526
palmera_417098.png,487,343,531,386,0.3452073335647583,3,0.8204004168510437,3,0.3171275854110718
palmera_417098.png,517,319,560,361,0.32683634757995605,3,0.8779869675636292,3,0.5073738098144531
palmera_417098.png,367,123,411,166,0.30527952313423157,0,0.2691713571548462,3,0.8784229755401611
palmera_417098.png,482,201,523,242,0.2744075655937195,3,0.2536506652832031,3,0.9451904892921448
palmera_417098.png,975,572,1016,615,0.25216636061668396,3,0.4150344431400299,0,0.7577099204063416
palmera_417098.png,511,199,555,240,0.24894121289253235,3,0.4829147756099701,3,0.9298149347305298
palmera_417098.png,490,97,532,139,0.2348959743976593,3,0.743584156036377,3,0.9899208545684814
palmera_417098.png,967,601,1010,643,0.22928854823112488,3,0.8371506929397583,0,0.8451144099235535
palmera_417098.png,538,113,579,153,0.20816384255886078,3,0.4745579957962036,3,0.7783350348472595
palmera_417098.png,511,361,553,402,0.20743031799793243,3,0.6250934600830078,6,0.5509504079818726
palmera_417098.png,510,353,551,394,0.2069838047027588,3,0.7720029950141907,6,0.6020670533180237
palmera_417098.png,373,143,414,185,0.20154346525669098,3,0.2866620123386383,3,0.8453695774078369
palmera_417098.png,383,159,426,202,0.1898248791694641,3,0.6353787183761597,3,0.8435000777244568
palmera_417098.png,965,607,1006,648,0.1860370934009552,3,0.6426538228988647,0,0.7963041067123413
palmera_417498.png,523,336,564,378,0.39545515179634094,3,0.9067413806915283,0,0.789466142654419
palmera_417498.png,564,189,608,233,0.3773317039012909,3,0.4448522925376892,3,0.727754533290863
palmera_417498.png,527,46,570,88,0.35987475514411926,3,0.34353014826774597,0,0.6390693187713623
palmera_417498.png,509,225,550,268,0.3422396779060364,3,0.779898464679718,0,0.6529147028923035
palmera_417498.png,990,634,1018,680,0.3419382870197296,5,0.3277473449707031,3,0.6881096959114075
palmera_417498.png,455,72,498,115,0.33971938490867615,3,0.29105329513549805,0,0.8493619561195374
palmera_417498.png,57,418,100,461,0.3347439467906952,3,0.8468777537345886,3,0.9578554630279541
palmera_417498.png,539,314,580,355,0.331479012966156,3,0.8364978432655334,3,0.5161318182945251
palmera_417498.png,470,80,510,119,0.32047829031944275,3,0.6469143033027649,0,0.9085989594459534
palmera_417498.png,493,356,535,397,0.32020050287246704,3,0.8593710660934448,0,0.8479157090187073
palmera_417498.png,519,30,562,73,0.31981512904167175,3,0.7257906794548035,0,0.8110464215278625
palmera_417498.png,525,309,568,352,0.3143135607242584,3,0.9516663551330566,3,0.7013217806816101
palmera_417498.png,31,529,73,570,0.3138597309589386,3,0.6639136672019958,3,0.9461707472801208
palmera_417498.png,516,295,556,335,0.30853092670440674,3,0.7426462173461914,0,0.7154595255851746
palmera_417498.png,86,423,123,460,0.30202966928482056,3,0.6800065636634827,3,0.986879289150238
palmera_417498.png,549,101,592,145,0.3013851046562195,3,0.6294301152229309,0,0.7140700817108154
palmera_417498.png,586,310,631,353,0.30087655782699585,4,0.40497004985809326,3,0.735992431640625
palmera_417498.png,351,358,396,402,0.29990512132644653,3,0.6127753853797913,0,0.9470657110214233
palmera_417498.png,539,330,580,371,0.2994855046272278,3,0.9016260504722595,0,0.4671495258808136
palmera_417498.png,390,30,435,75,0.2972469627857208,3,0.6065009236335754,0,0.7774547338485718
palmera_417498.png,494,195,539,239,0.2954716682434082,2,0.34741902351379395,0,0.6555615067481995
palmera_417498.png,24,490,68,533,0.29112040996551514,3,0.342727392911911,3,0.9770495295524597
palmera_417498.png,399,54,442,98,0.2823925018310547,3,0.7223955988883972,0,0.8304632306098938
palmera_417498.png,575,369,618,412,0.2802632451057434,3,0.8090824484825134,0,0.6250380277633667
palmera_417498.png,580,172,625,216,0.27930259704589844,3,0.6213952302932739,3,0.6072623133659363
palmera_417498.png,521,344,561,386,0.277880996465683,3,0.8397734761238098,0,0.6946021318435669
palmera_417498.png,253,389,299,434,0.2760085165500641,3,0.7068670988082886,0,0.7739974856376648
palmera_417498.png,213,393,257,436,0.27416685223579407,3,0.8054413199424744,0,0.5720931887626648
palmera_417498.png,46,462,90,507,0.2670346796512604,1,0.40208810567855835,3,0.9624882936477661
palmera_417498.png,484,227,524,267,0.26678743958473206,3,0.5514457821846008,0,0.6846461296081543
palmera_417498.png,156,374,199,417,0.26393553614616394,3,0.5986819267272949,0,0.6420155167579651
palmera_417498.png,29,520,72,562,0.2636243999004364,3,0.5306836366653442,3,0.9611907005310059
palmera_417498.png,512,323,555,366,0.26341450214385986,3,0.8606204986572266,0,0.7095625400543213
palmera_417498.png,512,363,550,402,0.261078417301178,3,0.819200873374939,0,0.7042607665061951
palmera_417498.png,189,377,232,421,0.2599646747112274,3,0.30237823724746704,0,0.7076007127761841
palmera_417498.png,515,157,560,200,0.2580812871456146,2,0.3388095796108246,0,0.623786211013794
palmera_417498.png,265,426,308,469,0.2568768560886383,3,0.31614452600479126,3,0.667873203754425
palmera_417498.png,110,436,154,478,0.25585755705833435,3,0.6191546320915222,3,0.8884345889091492
palmera_417498.png,537,4,580,47,0.25541186332702637,3,0.5042253136634827,0,0.7826275825500488
palmera_417498.png,245,422,289,464,0.2546519339084625,1,0.33815374970436096,0,0.6441357135772705
palmera_417498.png,210,423,252,466,0.25326481461524963,3,0.7433147430419922,3,0.6918039917945862
palmera_417498.png,255,329,301,373,0.2517176568508148,3,0.35266709327697754,0,0.8563746809959412
palmera_417498.png,528,354,568,394,0.2517032027244568,3,0.9358630776405334,0,0.8043712377548218
palmera_417498.png,66,200,110,244,0.2516213059425354,5,0.28975823521614075,3,0.5593588948249817
palmera_417498.png,424,43,468,88,0.2515554130077362,3,0.7954542636871338,0,0.8150119781494141
palmera_417498.png,148,347,192,391,0.25018683075904846,2,0.35223904252052307,3,0.5351048707962036
palmera_417498.png,186,384,231,427,0.24882997572422028,3,0.5296682715415955,3,0.5062521696090698
palmera_417498.png,461,155,502,195,0.24852029979228973,3,0.607381284236908,0,0.5665205717086792
palmera_417498.png,491,151,536,196,0.24846047163009644,4,0.3629181981086731,0,0.5257455706596375
palmera_417498.png,104,341,148,385,0.24816496670246124,3,0.7925266623497009,3,0.5535984039306641
palmera_417498.png,487,156,532,200,0.24807049334049225,4,0.37398561835289,0,0.7516647577285767
palmera_417498.png,30,509,73,553,0.2479182630777359,3,0.2569233477115631,3,0.9762904644012451
palmera_417498.png,506,332,550,377,0.24661415815353394,3,0.9251905083656311,0,0.6485832929611206
palmera_417498.png,503,339,546,381,0.2455936223268509,3,0.5412794351577759,0,0.6400007605552673
palmera_417498.png,166,47,209,90,0.24432779848575592,4,0.48009759187698364,3,0.5452486276626587
palmera_417498.png,241,501,285,545,0.2432142049074173,3,0.5691565275192261,3,0.8533202409744263
palmera_417498.png,162,407,207,452,0.24321283400058746,2,0.6528034806251526,3,0.694340169429779
palmera_417498.png,460,77,502,117,0.2405976951122284,3,0.6206181049346924,0,0.8447905778884888
palmera_417498.png,75,155,119,199,0.2403007298707962,4,0.3910263478755951,3,0.831509530544281
palmera_417498.png,722,135,764,176,0.23955586552619934,3,0.6895935535430908,0,0.6625997424125671
palmera_417498.png,511,339,556,382,0.23954540491104126,3,0.7815238833427429,0,0.7560429573059082
palmera_417498.png,532,347,572,387,0.23909075558185577,3,0.9430615305900574,0,0.5215709209442139
palmera_417498.png,513,230,556,271,0.23756366968154907,3,0.5176307559013367,3,0.5551731586456299
palmera_417498.png,411,537,455,581,0.23726670444011688,4,0.38658320903778076,3,0.5083463788032532
palmera_417498.png,534,233,575,274,0.2362922728061676,4,0.3553487956523895,3,0.5040103793144226
palmera_417498.png,245,469,290,512,0.23569321632385254,3,0.316369891166687,3,0.6890193223953247
palmera_417498.png,341,344,385,386,0.23271410167217255,3,0.7045065760612488,0,0.9314236044883728
palmera_417498.png,427,52,470,96,0.23167651891708374,3,0.9009470343589783,0,0.643627405166626
palmera_417498.png,255,421,298,464,0.23057039082050323,1,0.47201961278915405,3,0.5235752463340759
palmera_417498.png,519,355,559,394,0.22819413244724274,3,0.8419827222824097,0,0.7524218559265137
palmera_417498.png,745,190,787,230,0.2261684089899063,3,0.9410075545310974,0,0.6958513855934143
palmera_417498.png,25,481,70,526,0.22614604234695435,0,0.2703856825828552,3,0.9386467337608337
palmera_417498.png,567,334,609,376,0.22500541806221008,3,0.7927489876747131,3,0.6587731838226318
palmera_417498.png,560,375,600,414,0.2229572981595993,3,0.9032014608383179,0,0.5739502906799316
palmera_417498.png,20,522,62,563,0.2224501371383667,3,0.7978704571723938,3,0.9828465580940247
palmera_417498.png,512,204,554,246,0.2220333218574524,3,0.882304310798645,0,0.6777274012565613
palmera_417498.png,533,359,572,397,0.2204591929912567,3,0.9459353685379028,0,0.6149532198905945
palmera_417498.png,240,491,284,536,0.2200123518705368,3,0.6233396530151367,3,0.8803502917289734
palmera_417498.png,207,468,247,508,0.219700887799263,5,0.35674145817756653,3,0.7369940280914307
palmera_417498.png,997,634,1018,682,0.21968038380146027,5,0.7678206562995911,3,0.6637201309204102
palmera_417498.png,245,446,286,487,0.21701502799987793,2,0.5221859216690063,3,0.6013593077659607
palmera_417498.png,510,299,550,339,0.21669486165046692,3,0.57692950963974,0,0.5443426370620728
palmera_417498.png,589,329,632,372,0.21525566279888153,3,0.6603160500526428,3,0.7107440829277039
palmera_417498.png,29,500,72,543,0.21232149004936218,3,0.43169283866882324,3,0.9788934588432312
palmera_417498.png,492,288,535,329,0.21171589195728302,3,0.4255872070789337,0,0.7126500606536865
palmera_417498.png,577,377,619,419,0.2077946811914444,3,0.7998396754264832,0,0.6131657361984253
palmera_417498.png,491,366,533,407,0.20768338441848755,3,0.9212232232093811,0,0.8496026396751404
palmera_417498.png,292,420,335,463,0.20630501210689545,3,0.8367605209350586,0,0.8366799354553223
palmera_417498.png,408,60,448,101,0.20378032326698303,3,0.4810783267021179,0,0.8905454874038696
palmera_417498.png,266,435,309,479,0.20235182344913483,3,0.441780149936676,3,0.485538512468338
palmera_417498.png,529,38,573,82,0.20161619782447815,3,0.6974080204963684,0,0.6434481739997864
palmera_417498.png,536,335,577,376,0.20130489766597748,3,0.9623646140098572,0,0.5026516914367676
palmera_417498.png,168,351,213,395,0.20126765966415405,3,0.5692840218544006,3,0.5214042067527771
palmera_417498.png,254,405,298,448,0.2012215256690979,4,0.2524751126766205,0,0.6242742538452148
palmera_417498.png,510,314,552,359,0.20119881629943848,3,0.8422799706459045,3,0.4713730216026306
palmera_417498.png,508,160,552,203,0.20117078721523285,5,0.19754165410995483,0,0.7117130756378174
palmera_417498.png,289,427,334,470,0.19989290833473206,3,0.6539958119392395,3,0.6262226700782776
palmera_417498.png,395,40,438,85,0.1993778496980667,3,0.3564149737358093,0,0.8032439947128296
palmera_417498.png,514,2,558,46,0.19881883263587952,3,0.5654211640357971,0,0.8261763453483582
palmera_417498.png,212,418,254,460,0.19827178120613098,3,0.8553922772407532,0,0.5894293189048767
palmera_417498.png,20,515,65,558,0.1982325166463852,3,0.7183496952056885,3,0.9613029360771179
palmera_417498.png,166,358,212,404,0.19768984615802765,3,0.3300006091594696,3,0.7056346535682678
palmera_417498.png,513,346,556,388,0.19730545580387115,3,0.8301755785942078,0,0.7135801911354065
palmera_417498.png,714,217,756,258,0.19713091850280762,3,0.6891709566116333,0,0.6381409764289856
palmera_417498.png,165,345,209,389,0.19627733528614044,2,0.2896752953529358,0,0.570467472076416
palmera_417498.png,554,424,594,464,0.19573335349559784,3,0.8427778482437134,0,0.7638702988624573
palmera_417498.png,516,314,559,357,0.1955036073923111,3,0.840577244758606,0,0.624581515789032
palmera_417498.png,161,383,208,429,0.19497287273406982,3,0.6840202808380127,0,0.6027423739433289
palmera_417498.png,269,468,311,510,0.19456104934215546,3,0.5661771893501282,3,0.5559271574020386
palmera_417498.png,292,399,335,443,0.19449351727962494,3,0.8115264177322388,0,0.6941017508506775
palmera_417498.png,551,108,594,150,0.1941753327846527,3,0.3985285460948944,0,0.6248200535774231
palmera_417498.png,497,343,542,388,0.19408348202705383,3,0.6637494564056396,0,0.8236786127090454
palmera_417498.png,500,362,541,401,0.19393779337406158,3,0.892922043800354,0,0.7566115260124207
palmera_417498.png,166,417,210,460,0.19392676651477814,2,0.642248809337616,3,0.7805787324905396
palmera_417498.png,460,275,503,317,0.19252409040927887,3,0.5025578737258911,0,0.7581599950790405
palmera_417498.png,431,62,472,103,0.1915738433599472,3,0.655181348323822,0,0.6663591861724854
palmera_417498.png,78,622,123,667,0.19141069054603577,3,0.6748712062835693,3,0.867615282535553
palmera_417498.png,523,38,565,79,0.19140329957008362,3,0.6602115035057068,0,0.6583512425422668
palmera_417498.png,587,317,632,362,0.1903248429298401,3,0.7165313363075256,3,0.581201434135437
palmera_417498.png,40,474,85,519,0.18987436592578888,3,0.45166194438934326,3,0.9390407800674438
palmera_417498.png,150,356,194,399,0.18972985446453094,3,0.3816296458244324,3,0.8599306344985962
palmera_417498.png,252,335,297,380,0.18962614238262177,2,0.3796553313732147,0,0.8263567686080933
palmera_417498.png,494,161,539,204,0.18783284723758698,3,0.36996087431907654,0,0.6137888431549072
palmera_417498.png,539,417,579,456,0.18760940432548523,3,0.734773576259613,0,0.793454647064209
palmera_417498.png,106,425,148,467,0.1866065263748169,3,0.3666553199291229,3,0.9722837209701538
palmera_417498.png,288,463,332,507,0.18659059703350067,3,0.8953335285186768,3,0.5112795233726501
palmera_417498.png,240,428,284,470,0.1864490658044815,3,0.4448952376842499,0,0.49598193168640137
palmera_417498.png,433,12,473,53,0.18608234822750092,3,0.7991807460784912,0,0.826614499092102
palmera_417498.png,453,150,495,193,0.1858060508966446,4,0.3737473785877228,0,0.6740260720252991
palmera_417498.png,162,51,206,97,0.18553526699543,4,0.4556048810482025,3,0.5505193471908569
palmera_417498.png,262,418,305,462,0.18489812314510345,1,0.3203088939189911,0,0.6934795379638672
palmera_417498.png,90,482,134,524,0.184055358171463,3,0.5863494873046875,3,0.8446069955825806
palmera_417898.png,623,655,666,697,0.2811223864555359,4,0.3158145844936371,0,0.930519700050354
palmera_417898.png,357,398,398,439,0.26811981201171875,3,0.8097223043441772,0,0.5465033054351807
palmera_417898.png,652,648,696,690,0.25468191504478455,3,0.6112815141677856,0,0.885498583316803
palmera_417898.png,346,691,389,730,0.24634595215320587,3,0.5947060585021973,3,0.6618109345436096
palmera_417898.png,356,661,398,703,0.23185904324054718,0,0.3314652740955353,3,0.5892225503921509
palmera_417898.png,706,650,747,690,0.23179621994495392,3,0.497130811214447,0,0.8486011028289795
palmera_417898.png,306,655,348,697,0.22788824141025543,2,0.34661802649497986,3,0.5954722762107849
palmera_417898.png,356,674,399,717,0.22437261044979095,4,0.2971990704536438,0,0.55433189868927
palmera_417898.png,8,457,48,497,0.21297919750213623,3,0.5003383159637451,0,0.7217289209365845
palmera_417898.png,372,348,414,389,0.2115664929151535,3,0.6661903858184814,3,0.5324441194534302
palmera_417898.png,374,660,414,700,0.20443138480186462,2,0.455838143825531,0,0.4749283492565155
palmera_417898.png,389,293,429,333,0.20431825518608093,0,0.37313607335090637,0,0.6968811750411987
palmera_417898.png,473,338,514,379,0.19825662672519684,5,0.3123937249183655,0,0.7367461323738098
palmera_417898.png,393,275,434,315,0.1949368119239807,5,0.3615078628063202,0,0.6339178085327148
palmera_417898.png,291,676,333,718,0.19488443434238434,3,0.4660088121891022,3,0.5786505341529846
palmera_417898.png,353,683,395,725,0.19412511587142944,3,0.26418542861938477,0,0.5344669818878174
palmera_417898.png,625,634,667,678,0.19205771386623383,3,0.6730765104293823,0,0.9314699769020081
palmera_417898.png,990,455,1018,498,0.19029663503170013,4,0.7187031507492065,0,0.5337792634963989
palmera_417898.png,303,650,344,691,0.18853317201137543,2,0.6366763114929199,3,0.573635995388031
palmera_418298.png,2,423,47,467,0.34339699149131775,3,0.6828266978263855,3,0.6267567873001099
palmera_418298.png,486,340,531,384,0.31568053364753723,3,0.7786595821380615,3,0.5595170855522156
palmera_418298.png,940,618,983,662,0.26407933235168457,0,0.3342134654521942,3,0.5875035524368286
palmera_418298.png,77,526,121,569,0.25619760155677795,3,0.9187438488006592,3,0.5905887484550476
palmera_418298.png,77,452,122,495,0.25298139452934265,2,0.8053541779518127,3,0.7058302760124207
palmera_418298.png,137,450,182,493,0.25184422731399536,3,0.8845577836036682,3,0.6460723876953125
palmera_418298.png,212,567,256,611,0.23750919103622437,3,0.6731553077697754,0,0.5879868865013123
palmera_418298.png,2,373,50,420,0.23120950162410736,3,0.7056042551994324,0,0.47269412875175476
palmera_418298.png,0,427,41,472,0.2175944298505783,3,0.8458551168441772,3,0.6370946764945984
palmera_418298.png,543,424,587,467,0.21340791881084442,3,0.4847113788127899,3,0.5033045411109924
palmera_418298.png,656,570,701,613,0.20047275722026825,4,0.42462870478630066,3,0.9970101118087769
palmera_418298.png,49,494,94,540,0.1911551058292389,3,0.9851884841918945,0,0.5478531718254089
palmera_418298.png,70,548,113,591,0.19047331809997559,3,0.8755649924278259,3,0.6421536207199097
palmera_418698.png,989,331,1018,377,0.30643564462661743,5,0.2915722131729126,3,0.8569979667663574
palmera_418698.png,573,93,615,135,0.29510602355003357,3,0.5504831671714783,3,0.8153602480888367
palmera_418698.png,228,500,270,542,0.2904028594493866,1,0.6545934677124023,3,0.9834352135658264
palmera_418698.png,577,90,621,131,0.24565334618091583,3,0.7218611240386963,3,0.8144343495368958
palmera_418698.png,202,517,246,561,0.24373506009578705,1,0.75343918800354,3,0.989232063293457
palmera_418698.png,194,573,240,620,0.2341640293598175,1,0.6158584356307983,3,0.9845554232597351
palmera_418698.png,179,534,224,579,0.23235607147216797,3,0.6926926970481873,3,0.9938817024230957
palmera_418698.png,712,379,755,421,0.20684921741485596,3,0.5356799364089966,0,0.4370036721229553
palmera_418698.png,616,340,660,385,0.18831421434879303,2,0.33070817589759827,3,0.4627668857574463
palmera_419098.png,752,672,802,720,0.24613605439662933,3,0.5256633758544922,3,0.7911052703857422
palmera_419098.png,50,582,100,633,0.24395190179347992,3,0.8320186138153076,1,0.4182366132736206
palmera_419098.png,569,521,618,569,0.2365964949131012,3,0.9339020252227783,3,0.9475595355033875
palmera_419098.png,57,562,108,613,0.20560692250728607,2,0.6814647912979126,1,0.3646942377090454
palmera_419098.png,822,634,871,684,0.1988070011138916,2,0.6178489327430725,3,0.4739561676979065
palmera_419098.png,50,566,102,617,0.19084475934505463,2,0.26645100116729736,3,0.457222580909729
palmera_419098.png,546,601,593,648,0.18920722603797913,2,0.6555135250091553,3,0.9666144847869873
palmera_419098.png,263,589,312,639,0.18763795495033264,2,0.8156495094299316,3,0.6640145778656006
palmera_419098.png,90,605,140,653,0.18471357226371765,2,0.6526369452476501,1,0.5170665979385376
palmera_419498.png,881,9,926,53,0.4046255052089691,3,0.6180858612060547,5,0.6879721283912659
palmera_419498.png,744,347,787,390,0.3237980902194977,3,0.6051160097122192,5,0.6583800315856934
palmera_419498.png,756,257,800,299,0.32049256563186646,1,0.3623106777667999,5,0.41126593947410583
palmera_419498.png,344,657,386,699,0.30915793776512146,3,0.3642050325870514,2,0.9938772320747375
palmera_419498.png,806,218,850,261,0.30405014753341675,1,0.30204135179519653,1,0.6118797063827515
palmera_419498.png,208,65,252,109,0.30381491780281067,4,0.5306152105331421,5,0.8362495303153992
palmera_419498.png,364,242,411,287,0.29536229372024536,3,0.5851715803146362,5,0.7167414426803589
palmera_419498.png,421,324,463,366,0.2946193218231201,2,0.3578088581562042,5,0.8548231720924377
palmera_419498.png,331,355,376,398,0.28984081745147705,5,0.7114269733428955,5,0.9099015593528748
palmera_419498.png,800,235,843,278,0.28979918360710144,2,0.3576368987560272,5,0.4324418306350708
palmera_419498.png,876,69,920,113,0.2867870032787323,3,0.481555312871933,5,0.4878688454627991
palmera_419498.png,740,379,783,422,0.2799026072025299,3,0.7031187415122986,5,0.6236063838005066
palmera_419498.png,299,304,344,348,0.27979302406311035,1,0.22683635354042053,1,0.4407011866569519
palmera_419498.png,488,347,531,390,0.27862706780433655,4,0.5807154178619385,5,0.85310959815979
palmera_419498.png,759,232,804,276,0.2761591076850891,1,0.4256904721260071,5,0.5980396866798401
palmera_419498.png,338,615,383,659,0.2759137451648712,4,0.23738034069538116,2,0.9883111119270325
palmera_419498.png,424,319,468,362,0.2757408618927002,3,0.4557458162307739,5,0.7052270174026489
palmera_419498.png,847,102,893,148,0.27538543939590454,3,0.38251227140426636,5,0.5187321305274963
palmera_419498.png,470,346,512,388,0.2746903896331787,3,0.47278377413749695,5,0.8596705198287964
palmera_419498.png,297,573,345,619,0.2745445668697357,4,0.6255291104316711,2,0.7418940663337708
palmera_419498.png,69,86,114,130,0.27250298857688904,3,0.6207635402679443,5,0.6588499546051025
palmera_419498.png,386,244,431,288,0.2720024585723877,3,0.4978986382484436,5,0.8837416172027588
palmera_419498.png,886,31,930,76,0.2697720229625702,3,0.7850966453552246,5,0.5153471827507019
palmera_419498.png,742,366,784,410,0.2638656795024872,3,0.6165145635604858,5,0.7120257616043091
palmera_419498.png,354,357,399,401,0.2609162926673889,5,0.9144793748855591,5,0.9731582999229431
palmera_419498.png,306,312,349,355,0.25937435030937195,1,0.2730383574962616,1,0.3288688063621521
palmera_419498.png,888,42,932,88,0.2586866617202759,3,0.6463760733604431,5,0.4082588851451874
palmera_419498.png,165,417,209,461,0.25660642981529236,3,0.49552324414253235,5,0.3912374973297119
palmera_419498.png,135,654,180,699,0.2547859251499176,3,0.3775602877140045,3,0.7307412624359131
palmera_419498.png,503,344,546,387,0.253790020942688,4,0.5627423524856567,5,0.6324253082275391
palmera_419498.png,769,219,811,262,0.25206083059310913,1,0.33637183904647827,5,0.4888589382171631
palmera_419498.png,560,71,606,115,0.25033748149871826,3,0.4328433573246002,5,0.3854968547821045
palmera_419498.png,176,393,222,439,0.250317245721817,3,0.48493093252182007,0,0.49046826362609863
palmera_419498.png,368,358,412,403,0.24967747926712036,5,0.7625114917755127,5,0.8872950673103333
palmera_419498.png,875,27,922,72,0.24922741949558258,3,0.666936457157135,5,0.7472742795944214
palmera_419498.png,708,489,753,534,0.24871589243412018,1,0.49889084696769714,3,0.6959104537963867
palmera_419498.png,893,0,934,36,0.24767553806304932,3,0.7878174185752869,5,0.3954976499080658
palmera_419498.png,44,687,89,730,0.2464093416929245,3,0.7141316533088684,3,0.8897594213485718
palmera_419498.png,264,18,310,63,0.24639806151390076,1,0.300682932138443,5,0.6753780245780945
palmera_419498.png,888,52,933,97,0.24555061757564545,3,0.37519311904907227,5,0.6224901080131531
palmera_419498.png,871,47,917,92,0.24407978355884552,3,0.8337072134017944,5,0.4114426076412201
palmera_419498.png,197,24,241,68,0.24354210495948792,1,0.3451458513736725,5,0.7549978494644165
palmera_419498.png,904,25,948,69,0.24295620620250702,0,0.36622872948646545,5,0.6009732484817505
palmera_419498.png,804,228,847,270,0.24232617020606995,2,0.3375129699707031,1,0.29948198795318604
palmera_419498.png,544,355,589,401,0.24202388525009155,3,0.5954950451850891,3,0.4854641556739807
palmera_419498.png,141,638,187,685,0.24104081094264984,3,0.3794465959072113,3,0.3475208282470703
palmera_419498.png,400,326,444,369,0.24083814024925232,3,0.4956623911857605,5,0.493393212556839
palmera_419498.png,198,37,240,78,0.24070069193840027,4,0.4219485819339752,5,0.8304319977760315
palmera_419498.png,361,360,405,403,0.24067457020282745,5,0.32316651940345764,5,0.9278154969215393
palmera_419498.png,356,595,400,640,0.23927365243434906,3,0.3230001926422119,2,0.9204427599906921
palmera_419498.png,877,59,923,105,0.23666539788246155,3,0.5710731148719788,5,0.36787840723991394
palmera_419498.png,365,679,406,719,0.23591428995132446,1,0.41241177916526794,2,0.9535861611366272
palmera_419498.png,851,86,897,131,0.23550891876220703,3,0.41324755549430847,2,0.35285764932632446
palmera_419498.png,632,528,674,571,0.23265746235847473,1,0.5299903154373169,3,0.37628263235092163
palmera_419498.png,139,650,184,694,0.2322787046432495,5,0.4155620038509369,3,0.7597653269767761
palmera_419498.png,808,211,853,255,0.2315981239080429,3,0.38001805543899536,1,0.3155048191547394
palmera_419498.png,690,462,732,504,0.2308432161808014,0,0.40349602699279785,3,0.6176342368125916
palmera_419498.png,392,295,436,340,0.22874988615512848,5,0.37855780124664307,5,0.7168312668800354
palmera_419498.png,784,326,827,370,0.22779637575149536,3,0.6148105263710022,5,0.8794885277748108
palmera_419498.png,890,26,935,71,0.2254685014486313,3,0.5746066570281982,5,0.4468890428543091
palmera_419498.png,505,359,550,402,0.2238769382238388,3,0.7762612104415894,5,0.7102281451225281
palmera_419498.png,932,0,978,44,0.22383493185043335,3,0.7317090630531311,3,0.5169599652290344
palmera_419498.png,594,69,640,114,0.22219158709049225,4,0.48267224431037903,0,0.5093212723731995
palmera_419498.png,430,265,474,309,0.22100841999053955,3,0.8552061915397644,5,0.403501957654953
palmera_419498.png,867,71,913,116,0.22087900340557098,3,0.3981899917125702,5,0.37868598103523254
palmera_419498.png,879,19,925,65,0.2205324023962021,3,0.8416889309883118,5,0.5977238416671753
palmera_419498.png,225,60,268,103,0.2199598103761673,5,0.54429030418396,5,0.9338774085044861
palmera_419498.png,230,18,273,62,0.21980054676532745,1,0.46089717745780945,5,0.6227830648422241
palmera_419498.png,318,283,363,328,0.21932214498519897,4,0.3259292542934418,5,0.4522838890552521
palmera_419498.png,638,525,681,568,0.219217449426651,1,0.8203049302101135,3,0.5328086018562317
palmera_419498.png,485,336,529,379,0.21852107346057892,5,0.27699941396713257,5,0.7989638447761536
palmera_419498.png,417,247,461,292,0.2184985876083374,3,0.6333498954772949,5,0.8118687868118286
palmera_419498.png,484,297,529,343,0.2167786955833435,1,0.6351445317268372,5,0.7873098254203796
palmera_419498.png,250,67,295,112,0.21625220775604248,5,0.881464421749115,5,0.8185772895812988
palmera_419498.png,373,356,419,401,0.215386763215065,4,0.3456237018108368,5,0.935410737991333
palmera_419498.png,736,387,783,431,0.21345257759094238,3,0.7233837842941284,5,0.5880667567253113
palmera_419498.png,159,420,202,463,0.21210704743862152,3,0.5135585069656372,1,0.5771746039390564
palmera_419498.png,390,276,435,321,0.21198196709156036,5,0.7403103113174438,5,0.8983712196350098
palmera_419498.png,143,421,186,463,0.2111787497997284,4,0.2766698896884918,1,0.5720440745353699
palmera_419498.png,327,642,373,686,0.21054533123970032,4,0.5003098845481873,2,0.9832485914230347
palmera_419498.png,509,336,551,379,0.20997373759746552,4,0.41431668400764465,5,0.6563599109649658
palmera_419498.png,249,59,295,105,0.20930880308151245,3,0.3554407060146332,5,0.6982492804527283
palmera_419498.png,861,75,907,121,0.20886580646038055,3,0.4698502719402313,5,0.3470333516597748
palmera_419498.png,254,38,300,83,0.20743601024150848,3,0.4831137955188751,5,0.7987615466117859
palmera_419498.png,645,515,690,560,0.20731359720230103,1,0.4631805717945099,3,0.6666372418403625
palmera_419498.png,683,482,724,523,0.206321582198143,2,0.5175045728683472,3,0.5299826860427856
palmera_419498.png,490,324,533,367,0.20557689666748047,1,0.4020856022834778,5,0.7403693199157715
palmera_419498.png,97,84,139,127,0.20515792071819305,4,0.21757076680660248,5,0.5069757699966431
palmera_419498.png,901,97,944,141,0.20500461757183075,3,0.8230923414230347,2,0.3034430742263794
palmera_419498.png,887,17,931,61,0.2045525461435318,3,0.7527853846549988,5,0.7316668629646301
palmera_419498.png,740,456,785,501,0.20298157632350922,2,0.6469117403030396,5,0.6214267611503601
palmera_419498.png,119,52,162,95,0.20034436881542206,2,0.42041367292404175,5,0.7287482619285583
palmera_419498.png,228,0,268,35,0.2003394216299057,4,0.5646650195121765,5,0.5324442386627197
palmera_419498.png,349,600,393,645,0.19964195787906647,5,0.43611058592796326,2,0.9157142043113708
palmera_419498.png,660,550,704,593,0.19956563413143158,2,0.3524169623851776,3,0.49888062477111816
palmera_419498.png,785,318,828,361,0.19916459918022156,2,0.34142300486564636,5,0.6418406367301941
palmera_419498.png,341,622,386,666,0.19829557836055756,3,0.27144739031791687,2,0.9920045733451843
palmera_419498.png,310,305,354,350,0.19822856783866882,5,0.27364712953567505,5,0.6062649488449097
palmera_419498.png,757,435,801,477,0.19796119630336761,2,0.40326812863349915,3,0.6736689805984497
palmera_419498.png,522,357,568,403,0.19742262363433838,3,0.9551751613616943,5,0.6462164521217346
palmera_419498.png,348,350,391,395,0.1972232311964035,5,0.8021395802497864,5,0.948726236820221
palmera_419498.png,260,23,305,69,0.19657379388809204,3,0.33671367168426514,5,0.6241626739501953
palmera_419498.png,355,604,401,649,0.1958703249692917,2,0.35341036319732666,2,0.9626230001449585
palmera_419498.png,350,593,393,634,0.19574816524982452,3,0.3051053583621979,2,0.840612530708313
palmera_419498.png,107,420,153,464,0.19505859911441803,0,0.47124502062797546,1,0.8297058939933777
palmera_419498.png,248,50,294,96,0.19432592391967773,5,0.32617443799972534,5,0.8545881509780884
palmera_419498.png,717,492,762,536,0.19432421028614044,1,0.8541133999824524,5,0.6353206038475037
palmera_419498.png,0,136,35,180,0.19416315853595734,1,0.33065280318260193,3,0.35564520955085754
palmera_419498.png,486,305,530,351,0.19287465512752533,1,0.5796582698822021,5,0.926365852355957
palmera_419498.png,668,537,711,580,0.19279071688652039,1,0.30737248063087463,3,0.5472866892814636
palmera_419498.png,380,354,426,398,0.19234919548034668,4,0.3880099356174469,5,0.9349352121353149
palmera_419498.png,874,51,921,98,0.19146420061588287,3,0.813274085521698,5,0.36811649799346924
palmera_419498.png,807,232,851,275,0.19139732420444489,2,0.4341967701911926,1,0.43283116817474365
palmera_419498.png,339,649,382,692,0.19047795236110687,1,0.2648105323314667,2,0.9864577651023865
palmera_419498.png,686,468,729,511,0.18945445120334625,1,0.5998649597167969,5,0.7158090472221375
palmera_419498.png,648,523,693,568,0.18918506801128387,1,0.6983712315559387,3,0.7586109638214111
palmera_419498.png,308,319,350,361,0.18914206326007843,5,0.2484901249408722,1,0.5569390058517456
palmera_419498.png,426,260,471,304,0.18899941444396973,3,0.7766547799110413,5,0.8112943768501282
palmera_419498.png,221,64,262,106,0.1881946325302124,3,0.41028061509132385,5,0.8680732846260071
palmera_419498.png,507,315,549,357,0.1878364086151123,3,0.3931029438972473,5,0.8576147556304932
palmera_419498.png,234,31,281,76,0.18653184175491333,4,0.37539470195770264,5,0.8715537190437317
palmera_419498.png,871,35,918,82,0.18524318933486938,3,0.8442690372467041,5,0.36476990580558777
palmera_419498.png,350,363,393,405,0.1845920979976654,5,0.4918919503688812,5,0.8061740398406982
palmera_419498.png,549,360,595,404,0.18431387841701508,3,0.3777192533016205,5,0.33741819858551025
palmera_419898.png,745,181,786,222,0.39192911982536316,3,0.29099684953689575,6,0.7795320749282837
palmera_419898.png,879,221,921,263,0.36991995573043823,3,0.496489018201828,6,0.3937631845474243
palmera_419898.png,472,431,515,474,0.35271304845809937,3,0.34783294796943665,5,0.3187611997127533
palmera_419898.png,600,450,644,494,0.33405980467796326,3,0.6462164521217346,1,0.4911107122898102
palmera_419898.png,697,185,740,228,0.32925817370414734,5,0.5563696622848511,1,0.562279462814331
palmera_419898.png,473,439,515,481,0.3281541168689728,3,0.3677535355091095,5,0.3446565568447113
palmera_419898.png,820,229,862,269,0.3247603178024292,2,0.336775004863739,6,0.7543288469314575
palmera_419898.png,644,260,686,301,0.32073816657066345,3,0.44783639907836914,1,0.4562136232852936
palmera_419898.png,623,260,666,302,0.31332680583000183,1,0.2618875801563263,1,0.41080373525619507
palmera_419898.png,387,208,429,249,0.3133065104484558,3,0.3869349956512451,1,0.8857032656669617
palmera_419898.png,468,401,512,445,0.3092081546783447,3,0.7089775204658508,1,0.28876569867134094
palmera_419898.png,474,451,516,492,0.3084873855113983,5,0.35145875811576843,4,0.40753835439682007
palmera_419898.png,669,176,713,219,0.30839115381240845,3,0.6693638563156128,1,0.6034803986549377
palmera_419898.png,803,141,845,183,0.3082614243030548,3,0.8704126477241516,1,0.7419067621231079
palmera_419898.png,0,472,38,515,0.3070697784423828,4,0.382103830575943,5,0.1918307989835739
palmera_419898.png,465,361,507,404,0.30435284972190857,3,0.4307635724544525,1,0.3960016071796417
palmera_419898.png,753,158,795,200,0.3038273751735687,3,0.839375913143158,6,0.47310495376586914
palmera_419898.png,465,373,508,416,0.30093955993652344,3,0.41960257291793823,5,0.6268302202224731
palmera_419898.png,488,241,530,284,0.2997685968875885,3,0.25395509600639343,1,0.5231490731239319
palmera_419898.png,0,479,35,522,0.2996448874473572,3,0.41672104597091675,4,0.2408415675163269
palmera_419898.png,461,222,503,263,0.2990356385707855,1,0.35062965750694275,1,0.784638524055481
palmera_419898.png,372,25,413,66,0.2907709777355194,3,0.8863999247550964,5,0.932750403881073
palmera_419898.png,372,41,414,84,0.2906630039215088,3,0.46087151765823364,5,0.5243259072303772
palmera_419898.png,881,350,923,392,0.2895846962928772,3,0.48547619581222534,5,0.38875943422317505
palmera_419898.png,853,225,895,266,0.2886137068271637,3,0.9736453294754028,6,0.5663606524467468
palmera_419898.png,371,33,413,76,0.2883559465408325,3,0.8167113661766052,1,0.5339558124542236
palmera_419898.png,876,359,919,401,0.2860497236251831,3,0.7574734091758728,5,0.4878770112991333
palmera_419898.png,720,185,761,226,0.2850998342037201,5,0.30860939621925354,1,0.6429647207260132
palmera_419898.png,939,226,980,268,0.28354594111442566,1,0.4392772912979126,3,0.36527353525161743
palmera_419898.png,910,284,954,326,0.2819995582103729,3,0.38100114464759827,6,0.3069855272769928
palmera_419898.png,117,632,161,674,0.28078320622444153,2,0.7666528224945068,4,0.8757569789886475
palmera_419898.png,695,191,737,233,0.2774200439453125,5,0.4042242169380188,6,0.6148402690887451
palmera_419898.png,0,595,28,639,0.27623623609542847,1,0.5388156175613403,4,0.43929967284202576
palmera_419898.png,806,171,849,214,0.2741042375564575,3,0.36668306589126587,1,0.5539939999580383
palmera_419898.png,852,396,894,438,0.26897725462913513,1,0.407186895608902,5,0.35152292251586914
palmera_419898.png,465,389,509,433,0.2669159770011902,3,0.6933773756027222,5,0.49747195839881897
palmera_419898.png,456,168,497,210,0.2651417553424835,3,0.47325918078422546,1,0.8024766445159912
palmera_419898.png,451,133,492,175,0.2636726200580597,3,0.7907674908638,1,0.832711398601532
palmera_419898.png,802,151,845,193,0.26354479789733887,3,0.6770195960998535,6,0.45487257838249207
palmera_419898.png,34,431,78,474,0.25892382860183716,0,0.28106340765953064,1,0.4303119480609894
palmera_419898.png,387,187,429,229,0.258470356464386,4,0.3404437005519867,1,0.9748498201370239
palmera_419898.png,779,155,821,197,0.2560756504535675,3,0.7884588837623596,6,0.5187543630599976
palmera_419898.png,386,179,428,222,0.2557172179222107,4,0.30545544624328613,1,0.9610775709152222
palmera_419898.png,779,412,818,452,0.2550153136253357,4,0.48291119933128357,6,0.32300418615341187
palmera_419898.png,369,8,411,51,0.25478219985961914,3,0.3452647924423218,5,0.9691131711006165
palmera_419898.png,464,350,506,392,0.2532016932964325,3,0.3360523581504822,5,0.5911431312561035
palmera_419898.png,807,258,845,297,0.2524135708808899,3,0.316713809967041,6,0.7403646111488342
palmera_419898.png,914,276,957,318,0.25212231278419495,3,0.30243435502052307,5,0.41883498430252075
palmera_419898.png,385,169,427,211,0.25198766589164734,2,0.3684340715408325,1,0.9659233689308167
palmera_419898.png,895,321,938,364,0.2510434091091156,1,0.5543966293334961,6,0.417108952999115
palmera_419898.png,938,237,979,278,0.25042662024497986,4,0.2825407385826111,5,0.41960373520851135
palmera_419898.png,900,307,943,349,0.2492537498474121,3,0.25834283232688904,5,0.5439760684967041
palmera_419898.png,556,209,597,249,0.24909086525440216,3,0.6372431516647339,1,0.455125629901886
palmera_419898.png,701,158,744,203,0.24822494387626648,3,0.5829880237579346,6,0.3943544328212738
palmera_419898.png,673,185,715,227,0.24539287388324738,3,0.595024585723877,1,0.6936689019203186
palmera_419898.png,389,217,431,260,0.2438647449016571,4,0.48754796385765076,1,0.858386754989624
palmera_419898.png,682,192,722,233,0.24252067506313324,3,0.3974195122718811,1,0.587813675403595
palmera_419898.png,926,253,968,294,0.24204987287521362,3,0.2748154401779175,5,0.35066962242126465
palmera_419898.png,375,264,419,307,0.24120981991291046,4,0.33034980297088623,1,0.8774396181106567
palmera_419898.png,383,144,423,184,0.24055439233779907,4,0.3584948182106018,1,0.985653281211853
palmera_419898.png,867,376,910,419,0.23764710128307343,3,0.8345299363136292,5,0.4112603962421417
palmera_419898.png,489,232,532,276,0.2360505610704422,3,0.26803773641586304,1,0.7416316866874695
palmera_419898.png,0,485,28,532,0.23598726093769073,4,0.6678441762924194,6,0.21471525728702545
palmera_419898.png,471,416,514,460,0.23583410680294037,3,0.47903019189834595,5,0.2722722291946411
palmera_419898.png,766,175,807,217,0.23564749956130981,3,0.54665207862854,6,0.642691969871521
palmera_419898.png,584,270,628,314,0.23494668304920197,1,0.3201028108596802,1,0.7194814085960388
palmera_419898.png,386,196,428,239,0.23480764031410217,4,0.32690319418907166,1,0.9598767757415771
palmera_419898.png,604,207,648,250,0.23456516861915588,3,0.4157750606536865,2,0.44461414217948914
palmera_419898.png,495,236,540,279,0.23317851126194,3,0.35777318477630615,1,0.7487776279449463
palmera_419898.png,462,330,506,374,0.23247723281383514,5,0.23384243249893188,1,0.43015846610069275
palmera_419898.png,383,158,425,200,0.2321980744600296,3,0.4323597252368927,1,0.9714993238449097
palmera_419898.png,742,186,781,226,0.23032404482364655,4,0.45488426089286804,1,0.6364059448242188
palmera_419898.png,73,415,114,456,0.2301819622516632,4,0.39720210433006287,1,0.3630621135234833
palmera_419898.png,458,212,501,254,0.22963185608386993,0,0.5609115958213806,1,0.6856570243835449
palmera_419898.png,670,430,712,472,0.22952474653720856,5,0.4396631121635437,1,0.5305455327033997
palmera_419898.png,444,51,486,93,0.22898004949092865,3,0.22847551107406616,5,0.8560265302658081
palmera_419898.png,0,490,18,534,0.22696071863174438,4,0.8010777831077576,6,0.2377166748046875
palmera_419898.png,0,598,22,641,0.2256849855184555,1,0.5117449164390564,5,0.34991222620010376
palmera_419898.png,390,225,432,266,0.22379837930202484,4,0.37972399592399597,1,0.9121384620666504
palmera_419898.png,478,295,521,337,0.2235518991947174,1,0.331508994102478,1,0.7033171653747559
palmera_419898.png,504,235,547,277,0.2226424366235733,4,0.2918614447116852,1,0.6056480407714844
palmera_419898.png,806,229,846,269,0.22202344238758087,4,0.5852616429328918,6,0.8022558093070984
palmera_419898.png,805,158,847,200,0.2216935008764267,3,0.6333445310592651,6,0.532853901386261
palmera_419898.png,701,168,743,211,0.22125694155693054,3,0.6631861329078674,1,0.5141699910163879
palmera_419898.png,373,51,414,94,0.22073370218276978,3,0.5572038292884827,1,0.5728377103805542
palmera_419898.png,380,106,420,147,0.21988995373249054,4,0.5443424582481384,1,0.8918410539627075
palmera_419898.png,871,364,914,408,0.21735438704490662,3,0.7950268387794495,5,0.36743253469467163
palmera_419898.png,374,76,417,119,0.21677330136299133,2,0.25050026178359985,1,0.9219059944152832
palmera_419898.png,382,128,422,169,0.21618762612342834,4,0.27727702260017395,1,0.9875868558883667
palmera_419898.png,446,83,489,125,0.2157527357339859,3,0.6498845815658569,5,0.5885292887687683
palmera_419898.png,479,462,521,504,0.21446013450622559,5,0.2969275712966919,4,0.6296329498291016
palmera_419898.png,689,177,734,222,0.21320754289627075,3,0.7895770072937012,1,0.7016134262084961
palmera_419898.png,792,406,833,446,0.21282802522182465,4,0.27964767813682556,6,0.2913159132003784
palmera_419898.png,686,429,730,471,0.21250943839550018,3,0.2950156033039093,1,0.40231263637542725
palmera_419898.png,373,68,417,112,0.21141904592514038,2,0.3444834053516388,1,0.8831331729888916
palmera_419898.png,443,41,485,83,0.20809955894947052,3,0.30251646041870117,5,0.7852089405059814
palmera_419898.png,365,1,408,44,0.207353875041008,1,0.22096021473407745,5,0.9127407670021057
palmera_419898.png,353,56,396,100,0.20733146369457245,3,0.9633449912071228,1,0.5064334869384766
palmera_419898.png,382,151,423,193,0.2072908580303192,2,0.2672961950302124,1,0.9858848452568054
palmera_419898.png,787,175,828,216,0.20660658180713654,4,0.46181413531303406,1,0.45608460903167725
palmera_419898.png,445,93,488,136,0.20454339683055878,3,0.6966912150382996,5,0.5155600905418396
palmera_419898.png,381,116,422,157,0.20435579121112823,4,0.3665350377559662,1,0.9257262349128723
palmera_419898.png,378,92,419,133,0.2034984827041626,1,0.4318867027759552,1,0.8626639246940613
palmera_419898.png,840,168,881,209,0.20126932859420776,4,0.3714491128921509,6,0.5476064682006836
palmera_419898.png,786,167,829,209,0.198547825217247,3,0.3759935796260834,6,0.5597179532051086
palmera_419898.png,663,435,705,476,0.1978158801794052,3,0.53337162733078,1,0.566262423992157
palmera_419898.png,485,471,526,512,0.19214609265327454,5,0.33694443106651306,1,0.3374042809009552
palmera_419898.png,358,60,402,103,0.18852756917476654,3,0.9717314839363098,1,0.5803020000457764
palmera_419898.png,511,399,553,440,0.18776555359363556,3,0.6740533709526062,1,0.6819271445274353
palmera_419898.png,454,157,494,198,0.1870523989200592,3,0.5727289319038391,1,0.5422329902648926
palmera_419898.png,725,183,768,224,0.18644727766513824,5,0.3808472156524658,6,0.6866599321365356
palmera_419898.png,453,142,493,182,0.18627409636974335,3,0.6114099025726318,1,0.6873534917831421
palmera_419898.png,823,169,865,211,0.1857283115386963,3,0.7198069095611572,6,0.5517845153808594
palmera_419898.png,464,233,506,275,0.18561865389347076,0,0.2554117441177368,1,0.5604373216629028
palmera_419898.png,446,104,488,146,0.1855589598417282,3,0.7433356046676636,1,0.7890718579292297
palmera_419898.png,498,474,542,518,0.1855185478925705,5,0.42739978432655334,4,0.29861772060394287
palmera_419898.png,919,268,962,311,0.18470774590969086,1,0.5192694664001465,5,0.39626333117485046
palmera_420298.png,11,116,55,159,0.33008408546447754,1,0.4246726334095001,0,0.40833789110183716
palmera_420298.png,813,192,857,236,0.3018361032009125,2,0.4467160999774933,3,0.910415768623352
palmera_420298.png,894,227,937,269,0.29560577869415283,3,0.4644771218299866,3,0.8044393062591553
palmera_420298.png,6,137,49,180,0.2867545187473297,3,0.48935142159461975,3,0.3650490939617157
palmera_420298.png,864,245,905,287,0.25680485367774963,3,0.4692189395427704,3,0.7435159087181091
palmera_420298.png,781,233,824,276,0.24737346172332764,3,0.7113144397735596,3,0.9062454700469971
palmera_420298.png,680,565,721,606,0.22907526791095734,2,0.30826616287231445,3,0.9172358512878418
palmera_420298.png,228,451,274,496,0.19201414287090302,3,0.30499327182769775,0,0.5865272879600525
palmera_420298.png,909,226,952,268,0.18741753697395325,3,0.44404327869415283,3,0.7636900544166565
palmera_420298.png,186,132,229,174,0.18657928705215454,3,0.4972873628139496,0,0.607585608959198
palmera_420298.png,8,127,52,173,0.18628565967082977,1,0.32060128450393677,3,0.3436032235622406
palmera_420298.png,882,252,923,292,0.18622031807899475,2,0.3846920132637024,3,0.651326596736908
palmera_420298.png,740,276,784,319,0.18599346280097961,3,0.41196534037590027,3,0.9514046311378479
palmera_420698.png,405,170,447,213,0.34866657853126526,3,0.5440627336502075,3,0.7307514548301697
palmera_420698.png,489,339,531,381,0.3005320429801941,3,0.8725327253341675,3,0.9814504384994507
palmera_420698.png,491,354,533,396,0.29730457067489624,3,0.5721296072006226,3,0.9876054525375366
palmera_420698.png,209,456,251,497,0.28445592522621155,3,0.6677133440971375,3,0.8020977973937988
palmera_420698.png,494,278,538,321,0.2781822979450226,3,0.303244948387146,3,0.967180609703064
palmera_420698.png,387,140,430,183,0.27646175026893616,3,0.62069171667099,3,0.6380312442779541
palmera_420698.png,494,427,538,470,0.2745038568973541,3,0.3482554256916046,3,0.959990918636322
palmera_420698.png,535,277,576,318,0.2739051580429077,3,0.5812438130378723,3,0.9620175957679749
palmera_420698.png,428,368,471,411,0.2673437297344208,3,0.5062922239303589,3,0.9300408959388733
palmera_420698.png,512,366,556,408,0.26358237862586975,3,0.5756553411483765,3,0.9577393531799316
palmera_420698.png,526,240,568,283,0.2600953280925751,2,0.6138489246368408,3,0.9439330101013184
palmera_420698.png,434,261,479,304,0.25694313645362854,3,0.738653302192688,3,0.8410426378250122
palmera_420698.png,499,293,543,336,0.2568877041339874,3,0.36630675196647644,3,0.9389234781265259
palmera_420698.png,492,301,536,344,0.2539414167404175,4,0.39446523785591125,3,0.9873135685920715
palmera_420698.png,495,227,540,270,0.2486426681280136,3,0.5832337737083435,3,0.8577605485916138
palmera_420698.png,452,341,495,386,0.24756811559200287,3,0.7812274694442749,3,0.9767022132873535
palmera_420698.png,510,315,553,358,0.24628311395645142,3,0.4983663558959961,3,0.9902455806732178
palmera_420698.png,455,359,495,400,0.2459191530942917,3,0.9199545383453369,3,0.9625203013420105
palmera_420698.png,101,24,148,69,0.24100236594676971,3,0.7015427947044373,3,0.547189474105835
palmera_420698.png,487,395,532,439,0.24052241444587708,3,0.5241246223449707,3,0.8812090754508972
palmera_420698.png,414,362,457,405,0.23764747381210327,3,0.7657299041748047,3,0.8927282094955444
palmera_420698.png,534,268,576,310,0.236440971493721,2,0.5935706496238708,3,0.9234686493873596
palmera_420698.png,12,21,56,64,0.2326401174068451,3,0.6204798817634583,3,0.7941082119941711
palmera_420698.png,425,361,467,403,0.23237238824367523,3,0.8170291185379028,3,0.917820930480957
palmera_420698.png,514,337,558,381,0.23033104836940765,3,0.5118785500526428,3,0.9897255301475525
palmera_420698.png,105,496,148,538,0.23016034066677094,3,0.27549684047698975,3,0.6187838912010193
palmera_420698.png,208,138,250,181,0.22783270478248596,3,0.4790876805782318,3,0.5921886563301086
palmera_420698.png,497,307,540,350,0.22766439616680145,3,0.49637743830680847,3,0.9877474308013916
palmera_420698.png,21,622,65,666,0.22256693243980408,3,0.7405058145523071,3,0.917518138885498
palmera_420698.png,430,401,473,442,0.2171398252248764,3,0.4667298197746277,3,0.9075053334236145
palmera_420698.png,635,583,677,625,0.21706081926822662,3,0.7803806066513062,3,0.9453340768814087
palmera_420698.png,361,420,405,463,0.2121700942516327,0,0.4717189371585846,3,0.8843470215797424
palmera_420698.png,662,434,710,481,0.2097977101802826,3,0.6200380921363831,3,0.9586563110351562
palmera_420698.png,503,404,545,446,0.20842206478118896,2,0.37878739833831787,3,0.9731210470199585
palmera_420698.png,250,75,292,117,0.20812879502773285,2,0.39652782678604126,3,0.6939963698387146
palmera_420698.png,635,575,678,618,0.20611315965652466,3,0.6298460960388184,3,0.880833089351654
palmera_420698.png,58,590,100,631,0.2060958743095398,3,0.633420467376709,3,0.9241346716880798
palmera_420698.png,486,301,529,342,0.20557548105716705,3,0.3530144691467285,3,0.9875341653823853
palmera_420698.png,187,113,230,157,0.20539705455303192,3,0.624230682849884,3,0.50969398021698
palmera_420698.png,446,271,488,315,0.2053748071193695,2,0.359419047832489,3,0.8900399804115295
palmera_420698.png,522,234,565,278,0.20518971979618073,3,0.4845632016658783,3,0.9755840301513672
palmera_420698.png,168,145,210,188,0.2051316350698471,3,0.3793291747570038,3,0.8067474961280823
palmera_420698.png,10,287,55,332,0.20455022156238556,3,0.881980299949646,3,0.9456838369369507
palmera_420698.png,514,345,558,390,0.2042005956172943,3,0.3569084703922272,3,0.9929592609405518
palmera_420698.png,502,301,545,343,0.20154023170471191,3,0.26530763506889343,3,0.9741169214248657
palmera_420698.png,632,533,674,575,0.20149052143096924,3,0.7957761883735657,3,0.9775141477584839
palmera_420698.png,442,277,485,319,0.20131517946720123,3,0.4221234917640686,3,0.9690031409263611
palmera_420698.png,375,367,420,411,0.20086343586444855,3,0.6564611196517944,3,0.765292763710022
palmera_420698.png,491,332,533,374,0.2007719725370407,3,0.9754530191421509,3,0.9871286153793335
palmera_420698.png,382,438,427,483,0.20063015818595886,5,0.30163389444351196,3,0.9619101881980896
palmera_420698.png,670,593,716,639,0.19996918737888336,3,0.5759393572807312,3,0.9592244625091553
palmera_420698.png,1,192,47,237,0.19852368533611298,4,0.39363643527030945,3,0.9408990144729614
palmera_420698.png,429,393,472,437,0.19831345975399017,3,0.4353785812854767,3,0.9519572257995605
palmera_420698.png,971,669,1015,713,0.1977626085281372,4,0.390345960855484,3,0.9679311513900757
palmera_420698.png,502,285,544,328,0.19599397480487823,2,0.2486868053674698,3,0.9754716157913208
palmera_420698.png,518,369,562,411,0.19590555131435394,3,0.6670570373535156,3,0.9454591274261475
palmera_420698.png,0,122,31,166,0.1954827606678009,3,0.2597821354866028,3,0.9530512094497681
palmera_420698.png,434,279,477,322,0.19470971822738647,3,0.4706752598285675,3,0.7518166303634644
palmera_420698.png,513,358,556,401,0.1946910321712494,3,0.4852248430252075,3,0.9660596251487732
palmera_420698.png,420,337,462,378,0.19406528770923615,3,0.502048671245575,3,0.8032257556915283
palmera_420698.png,395,372,436,414,0.19384656846523285,3,0.9263142347335815,3,0.9072980284690857
palmera_420698.png,489,295,533,339,0.1937132030725479,3,0.3126010596752167,3,0.9657748341560364
palmera_420698.png,426,378,469,422,0.1911643147468567,3,0.4854096472263336,3,0.9642150402069092
palmera_420698.png,654,664,698,707,0.19034512341022491,0,0.24945491552352905,3,0.9509211778640747
palmera_420698.png,404,164,444,206,0.18613335490226746,3,0.5909757614135742,3,0.5823288559913635
palmera_420698.png,501,411,545,456,0.18561843037605286,3,0.4723758399486542,3,0.9763912558555603
palmera_420698.png,662,443,708,486,0.1846209466457367,3,0.5428364276885986,3,0.9747332334518433
palmera_421098.png,516,683,556,722,0.29492777585983276,3,0.5556533336639404,0,0.7286781668663025
palmera_421098.png,801,416,841,454,0.2732991874217987,3,0.5748358368873596,0,0.7872509360313416
palmera_421098.png,447,608,489,649,0.26351192593574524,3,0.6533192992210388,0,0.7639081478118896
palmera_421098.png,459,323,499,364,0.25322225689888,3,0.4166894853115082,0,0.5688486695289612
palmera_421098.png,482,330,524,371,0.23772726953029633,3,0.8179305195808411,0,0.7159848809242249
palmera_421098.png,482,342,523,383,0.2365971803665161,3,0.35178908705711365,0,0.7616128325462341
palmera_421098.png,361,153,402,192,0.2297992706298828,4,0.3227318227291107,3,0.5242785811424255
palmera_421098.png,118,693,159,730,0.2288278192281723,4,0.4840676784515381,0,0.8643151521682739
palmera_421098.png,67,455,107,494,0.2239360809326172,3,0.37969598174095154,0,0.6830575466156006
palmera_421098.png,182,489,222,526,0.2192135900259018,3,0.539452075958252,0,0.8967916369438171
palmera_421098.png,119,668,158,707,0.21168223023414612,2,0.3940242528915405,0,0.7752581834793091
palmera_421098.png,86,259,126,298,0.20971138775348663,3,0.7007586359977722,3,0.6832215785980225
palmera_421098.png,962,38,1006,80,0.20695900917053223,3,0.3174639940261841,3,0.9482916593551636
palmera_421098.png,499,339,541,381,0.20292457938194275,3,0.8881862163543701,0,0.7848039269447327
palmera_421098.png,328,4,366,40,0.1888979822397232,3,0.7662118077278137,3,0.46484681963920593
palmera_421098.png,487,191,525,229,0.1849156618118286,3,0.6213257312774658,3,0.8886464238166809
palmera_421498.png,770,549,816,594,0.22387146949768066,3,0.4648900032043457,0,0.37983474135398865
palmera_421498.png,572,23,619,70,0.2070545107126236,4,0.7063255906105042,0,0.5612770915031433
palmera_421498.png,547,464,592,510,0.20113475620746613,3,0.7981999516487122,3,0.7521372437477112
